bids_name	aor	aqi	dummy_trs	dvars_nstd	dvars_std	dvars_vstd	efc	fber	fd_mean	fd_num	fd_perc	fwhm_avg	fwhm_x	fwhm_y	fwhm_z	gcor	gsr_x	gsr_y	size_t	size_x	size_y	size_z	snr	spacing_tr	spacing_x	spacing_y	spacing_z	summary_bg_k	summary_bg_mad	summary_bg_mean	summary_bg_median	summary_bg_n	summary_bg_p05	summary_bg_p95	summary_bg_stdv	summary_fg_k	summary_fg_mad	summary_fg_mean	summary_fg_median	summary_fg_n	summary_fg_p05	summary_fg_p95	summary_fg_stdv	tsnr
sub-01_ses-01_task-mid_run-01_bold	0.0015065476190476192	0.013895339265873016	1	37.73343939805169	1.1273395047117303	1.0128545843339953	0.5432	5578.8003	0.19392680643811944	222	44.04761904761905	2.1069460966858817	1.9839898306589563	2.1863360448523745	2.150512414546314	0.0138144	0.01114974170923233	0.06753194332122803	504	86	86	60	3.8952735424206013	0.800000011920929	2.3953499794006348	2.3953499794006348	2.4000000953674316	24.5105	5.6333	22.2384	5.0	325571.0	1.0	106.0	41.4525	2.3466	59.2835	335.4067	340.0	118189.0	156.0	467.0	87.2849	41.85960375901777
sub-01_ses-01_task-mid_run-02_bold	0.0008144578313253013	0.012831407128514058	7	36.93202676913479	1.1156179935814885	1.0103996985110664	0.5398	6144.5806	0.1887191368015544	229	45.98393574297189	2.080737351921545	1.952019554641436	2.1617550856997028	2.128437415423496	0.0124787	0.012287495657801628	0.06803550571203232	498	86	86	60	3.9088065529144003	0.800000011920929	2.3953499794006348	2.3953499794006348	2.4000000953674316	25.0565	4.3704	21.8726	4.0	326700.0	1.0	105.0	41.4053	2.4041	58.8754	335.5967	340.0	117060.0	158.0	466.0	86.9827	43.55548123084009
sub-01_ses-01_task-tom_bold	0.040200428790199076	0.062412466906584994	2	37.137176390966296	1.3102234737116574	1.499077320291411	0.5311	8055.8569	0.19505530580803374	287	43.9509954058193	2.1974763483632387	2.0036111805260686	2.2286137916830646	2.360204072880583	0.00578598	0.018770985305309296	0.07239612191915512	653	86	86	60	4.104691821765928	0.800000011920929	2.3953499794006348	2.3953499794006348	2.4000000953674316	24.4813	4.3139	20.6166	4.0	329751.0	1.0	102.0	40.1829	2.5377	56.0846	336.6559	341.0	114009.0	168.0	460.0	83.0753	25.235499935224652
sub-02_ses-01_task-mid_run-01_bold	0.007660039682539683	0.05681458710317461	1	36.99805906624257	1.1548672893836978	1.017971433916501	0.5278	7648.4663	0.14103347789821472	88	17.46031746031746	2.3838970900118466	2.2025883671997506	2.515515499537864	2.433587403297925	0.0118163	0.00037048818194307387	0.06111261621117592	504	86	86	60	3.9027677983488975	0.800000011920929	2.3953499794006348	2.3953499794006348	2.4000000953674316	28.5126	4.236	20.3666	4.0	328873.0	1.0	96.0	39.7209	2.1617	63.3871	346.6651	359.0	114887.0	141.0	467.0	91.9856	25.72503509768285
sub-02_ses-01_task-mid_run-02_bold	0.0014621471172962229	0.02364346998011928	2	33.891619765876534	1.1131580115139448	0.9753374443027885	0.5219	8564.1094	0.11782869587837574	47	9.343936381709742	2.2489139567770624	2.1227670460382213	2.406395745744975	2.217579078547991	0.0141677	0.003069094382226467	0.06528056412935257	503	86	86	60	3.8751861525117244	0.800000011920929	2.3953499794006348	2.3953499794006348	2.4000000953674316	30.2134	4.1737	20.1086	4.0	331028.0	1.0	98.0	40.7731	2.2043	63.861	347.8165	359.0	112732.0	143.0	471.0	92.6403	36.13503934070468
sub-02_ses-01_task-tom_bold	0.021380137404580155	0.09267540290076336	0	36.91188601700308	1.0743605592813448	0.973873048149847	0.5309	6625.543	0.15004817247111277	126	19.236641221374047	2.486364574105903	2.2737261973562597	2.5811301284445456	2.6042373965169032	0.00947507	-0.001236469834111631	0.059919510036706924	655	86	86	60	3.9335223968699333	0.800000011920929	2.3953499794006348	2.3953499794006348	2.4000000953674316	23.2797	4.312	21.2138	4.0	329539.0	1.0	98.0	39.6283	2.1246	63.0932	346.4518	359.0	114221.0	144.0	466.0	91.2664	21.065938849933445
sub-03_ses-01_task-mid_run-01_bold	0.0005827326732673267	0.01702666025742574	0	39.81771150472221	1.3160588710317447	0.995063639761905	0.5364	6227.79	0.07368267907068529	8	1.5841584158415842	2.100153283437441	1.9364727659382177	2.238528835498893	2.1254582488752107	0.0290987	0.007718114648014307	0.07085954397916794	505	86	86	60	3.8609665584816875	0.800000011920929	2.3953499794006348	2.3953499794006348	2.4000000953674316	26.8876	5.8306	23.1847	5.0	328247.0	1.0	111.0	44.4749	2.4508	60.9893	353.18	362.0	115513.0	143.0	482.0	93.7585	42.128981673158705
sub-03_ses-01_task-mid_run-02_bold	0.0007444554455445545	0.013498082732673267	0	41.566901895872974	1.3736354009920637	1.0053458095238104	0.5444	4748.7441	0.06278378970995128	3	0.594059405940594	2.1099276237847255	1.9510426619033712	2.2508944606704646	2.12784574878034	0.0257387	0.0018243330996483564	0.06721380352973938	505	86	86	60	3.788956911308364	0.800000011920929	2.3953499794006348	2.3953499794006348	2.4000000953674316	25.408	5.8658	24.507	5.0	326312.0	1.0	114.0	44.9479	2.3329	63.0708	351.7621	362.0	117448.0	136.0	483.0	95.5404	45.092298133298755
sub-03_ses-01_task-tom_bold	0.0005294198473282443	0.012620989160305345	0	41.48386339305806	1.3711419973853216	1.0045816711620787	0.5446	4722.9067	0.06117822092893202	1	0.15267175572519084	2.0979656558602247	1.9430521802766365	2.2382032045862044	2.1126415827178326	0.0186635	0.001777549390681088	0.06775820255279541	655	86	86	60	3.760544902316363	0.800000011920929	2.3953499794006348	2.3953499794006348	2.4000000953674316	25.389	5.8602	24.5061	5.0	326288.0	1.0	114.0	44.8362	2.3134	62.1912	349.7556	360.0	117472.0	132.0	481.0	95.7304	46.77703160594683
sub-04_ses-01_task-mid_run-01_bold	0.0007773161033797217	0.01802405745526839	2	30.74575291565738	1.0893840049402403	0.9915394182270918	0.5094	5486.6128	0.10349737479767246	20	3.9761431411530817	2.2908964294868066	2.278568913493675	2.4449579603667866	2.1491624145999584	0.00976322	0.00022385825286619365	0.05639941617846489	503	86	86	60	3.6270304384606966	0.800000011920929	2.3953499794006348	2.3953499794006348	2.4000000953674316	31.4652	5.1847	21.8236	5.0	343249.0	1.0	102.0	41.6641	1.9039	55.7317	331.0085	351.0	100511.0	98.0	446.0	96.7729	43.624584667151794
sub-04_ses-01_task-mid_run-02_bold	0.0007766401590457256	0.014988501192842944	2	31.476345225657376	1.1249462482270913	1.0085734123705172	0.5093	5551.1958	0.09199562138186373	11	2.1868787276341948	2.3097787569342496	2.2974555064295927	2.476126683368459	2.155754081004696	0.00972663	0.0009138267487287521	0.05721031129360199	503	86	86	60	3.545349002698729	0.800000011920929	2.3953499794006348	2.3953499794006348	2.4000000953674316	32.0517	5.1346	21.633	5.0	342505.0	1.0	102.0	41.3251	1.7801	56.5924	328.9675	350.0	101255.0	90.0	445.0	98.7204	47.62410338851623
sub-04_ses-01_task-tom_bold	0.0011785145482388975	0.028427573506891273	2	32.53676624231595	1.0872875608742314	0.9895283077300606	0.5098	5520.79	0.11865722307161841	40	6.1255742725880555	2.344014753889509	2.3336840328438058	2.5106894824216126	2.187670746403108	0.00903483	0.0006557019660249352	0.054729312658309937	653	86	86	60	3.5817464362780793	0.800000011920929	2.3953499794006348	2.3953499794006348	2.4000000953674316	29.0236	5.1743	22.0585	5.0	343102.0	1.0	104.0	42.2996	1.8099	56.0971	329.2397	351.0	100658.0	91.0	444.0	97.9964	36.75114294025116
sub-05_ses-01_task-mid_run-01_bold	0.004180118811881188	0.016644406534653468	0	29.83023369125	1.126939652460318	1.0611956623809522	0.5021	6321.7202	0.09960264110225532	31	6.138613861386139	2.435438059968284	2.3671655702766228	2.6208237017501848	2.318324907878045	0.0154896	-0.0035927980206906796	0.059641409665346146	505	86	86	60	3.5821836460978838	0.800000011920929	2.3953499794006348	2.3953499794006348	2.4000000953674316	38.4769	4.3421	19.4961	4.0	343528.0	1.0	89.0	38.0478	1.733	55.4023	320.0533	340.0	100232.0	92.0	432.0	94.9137	43.05376502091531
sub-05_ses-01_task-mid_run-02_bold	0.0013620634920634921	0.020290167857142858	1	30.23323351059645	1.0805815804771373	1.0059040142743538	0.4979	7358.8687	0.11819643549956968	61	12.103174603174603	2.3868828185938793	2.313131712546828	2.5678168338219454	2.2796999094128645	0.0198942	-0.0003080936730839312	0.06251410394906998	504	86	86	60	3.698593595989629	0.800000011920929	2.3953499794006348	2.3953499794006348	2.4000000953674316	33.8349	4.2948	18.9754	4.0	344740.0	1.0	89.0	36.8581	1.854	56.2139	326.8344	346.0	99020.0	105.0	439.0	93.5486	40.01091765856836
sub-05_ses-01_task-tom_bold	0.0031030992366412207	0.022753578015267176	0	29.68795995373086	1.0999334147706425	1.0253783442813449	0.4992	6939.0435	0.10265698442934656	45	6.870229007633588	2.4580330788259315	2.3776943031202094	2.6412925269413443	2.3551124064162408	0.00723802	8.554980740882456e-05	0.06127795949578285	655	86	86	60	3.589282780983453	0.800000011920929	2.3953499794006348	2.3953499794006348	2.4000000953674316	33.9207	4.312	19.0356	4.0	343955.0	1.0	88.0	36.3629	1.6612	56.8459	324.5153	345.0	99805.0	95.0	439.0	96.119	37.90966999169905
sub-06_ses-01_task-mid_run-01_bold	0.001345297619047619	0.018277106746031745	1	33.80976641654076	1.1764085624055665	1.0018787066998016	0.5466	5786.7876	0.08573632481389251	18	3.5714285714285716	2.242026008788686	2.1805832320615486	2.4080990459036515	2.137395748400857	0.0113594	0.011479753069579601	0.03557787835597992	504	86	86	60	4.190710233820983	0.800000011920929	2.3953499794006348	2.3953499794006348	2.4000000953674316	29.5707	5.5421	25.1441	5.0	323635.0	1.0	115.0	53.7131	2.9133	60.113	362.0698	372.0	120125.0	169.0	479.0	88.7674	42.6129559148103
sub-06_ses-01_task-mid_run-02_bold	0.002123677932405567	0.018011417097415505	2	35.63473510762952	1.2392351473705177	1.0202644055577699	0.55	5413.6035	0.06321424607495223	13	2.584493041749503	2.230276169207702	2.167712461499781	2.3782077980209873	2.1449082481023374	0.0197857	0.009073009714484215	0.03671790659427643	503	86	86	60	4.1778408701892005	0.800000011920929	2.3953499794006348	2.3953499794006348	2.4000000953674316	29.101	5.5413	24.9825	5.0	321987.0	1.0	116.0	51.4201	2.8136	61.4056	363.0677	373.0	121773.0	169.0	481.0	89.2802	43.400142818689346
sub-06_ses-01_task-tom_bold	0.0037831957186544338	0.01812219525993884	1	35.72222320303216	1.2478121304594183	1.0338555416998467	0.5482	5864.9028	0.0746806712536154	11	1.6819571865443426	2.2831331368364567	2.2218381638459745	2.4466988333230812	2.180862413340314	0.010619	0.011187550611793995	0.03618064522743225	654	86	86	60	4.115804265114261	0.800000011920929	2.3953499794006348	2.3953499794006348	2.4000000953674316	29.8393	5.5133	24.7992	5.0	322202.0	1.0	115.0	52.0506	2.8075	61.1562	361.1451	373.0	121558.0	161.0	480.0	90.6259	43.068304461892694
sub-07_ses-01_task-mid_run-01_bold	0.001299781746031746	0.0164273496031746	1	30.843213837813128	1.1323963921471167	1.0031653769980127	0.5208	5434.2412	0.07986351376139482	16	3.1746031746031744	2.3223828553802344	2.3463752889280656	2.429252530962515	2.1915207462501227	0.0224948	0.0005835946067236364	0.04530089348554611	504	86	86	60	4.027398182421485	0.800000011920929	2.3953499794006348	2.3953499794006348	2.4000000953674316	27.6606	4.8538	22.9653	5.0	337670.0	1.0	112.0	45.4948	2.6633	57.8568	350.7983	367.0	106090.0	136.0	460.0	91.1254	45.270600356161594
sub-07_ses-01_task-mid_run-02_bold	0.000745328031809145	0.013165336381709742	2	31.584904264103603	1.1725223791235064	1.0111771527490043	0.5184	5902.4785	0.062106060139906494	4	0.7952286282306164	2.2734632260094423	2.2896278402592025	2.380336923219333	2.150424914549791	0.0127113	0.0021672851871699095	0.04822293668985367	503	86	86	60	4.109903032942094	0.800000011920929	2.3953499794006348	2.3953499794006348	2.4000000953674316	26.6113	4.8045	22.5844	5.0	338519.0	1.0	112.0	44.8903	2.8306	56.7427	352.477	368.0	105241.0	143.0	460.0	89.5394	51.22122466657311
sub-07_ses-01_task-tom_bold	0.0019105810397553515	0.019017954740061162	1	30.92825942156202	1.146039747626341	1.0129032392649313	0.5187	5977.2451	0.07541713685662448	24	3.669724770642202	2.326735634115035	2.343118979801183	2.4432630097186916	2.1938249128252303	0.0193363	0.004448769148439169	0.04757421836256981	654	86	86	60	4.046424286022818	0.800000011920929	2.3953499794006348	2.3953499794006348	2.4000000953674316	26.7234	4.8128	22.5922	5.0	338139.0	1.0	112.0	45.2919	2.7388	56.4092	349.7557	366.0	105621.0	134.0	458.0	90.4498	43.529109419323504
sub-08_ses-01_task-mid_run-01_bold	0.0015963888888888887	0.030443078968253965	1	38.465758784214735	1.1965533248508942	0.9950690896421474	0.5656	3879.9231	0.11176745964649255	35	6.944444444444445	2.2860844926263977	2.187379733675093	2.485407164380074	2.1854665798240274	0.0135078	-0.0060824244283139706	0.06340565532445908	504	86	86	60	4.008983063566255	0.800000011920929	2.3953499794006348	2.3953499794006348	2.4000000953674316	27.6996	6.2716	25.1045	6.0	315657.0	1.0	119.0	45.4311	2.5726	56.7125	345.9554	363.0	128103.0	134.0	454.0	90.5463	35.157328100525774
sub-08_ses-01_task-mid_run-02_bold	0.0637205753968254	0.18506987757936508	1	40.94963092322072	0.9385617891650093	0.8919659077335987	0.5666	4093.99	0.1695374128728243	80	15.873015873015873	2.6918604798935513	2.4542384413784015	2.7727764448274512	2.848566553474802	0.00636817	-0.0042108213528990746	0.07103276252746582	504	86	86	60	4.531921901995422	0.800000011920929	2.3953499794006348	2.3953499794006348	2.4000000953674316	20.0702	6.4334	26.1627	6.0	320046.0	1.0	118.0	45.3116	2.7394	50.8894	349.1889	364.0	123714.0	167.0	446.0	80.3188	16.15229173307307
sub-08_ses-01_task-tom_bold	0.018374235474006115	0.12430887033639142	1	40.442458817335336	1.1181697862480862	1.1350912261562025	0.5547	5581.8462	0.23044972580053633	152	23.24159021406728	2.5492786905837836	2.3190640398151614	2.7705513002574147	2.558220731678775	0.00662536	0.002295731334015727	0.06849789619445801	654	86	86	60	4.444307052616174	0.800000011920929	2.3953499794006348	2.3953499794006348	2.4000000953674316	25.7922	5.1256	24.7413	5.0	322564.0	1.0	117.0	47.1611	2.9165	51.4581	350.1913	365.0	121196.0	163.0	448.0	82.1272	18.070530799683183
sub-09_ses-01_task-mid_run-01_bold	0.0009272509960159364	0.017543713545816735	3	30.333792242834345	1.1442985588423158	1.0083212127944103	0.5557	5760.9526	0.08217881145408898	9	1.792828685258964	2.211841997811564	2.1325109248871237	2.358348487102295	2.1446665814452732	0.0061831	0.016106147319078445	0.0546659491956234	502	86	86	60	4.117387607065677	0.800000011920929	2.3953499794006348	2.3953499794006348	2.4000000953674316	18.7574	5.7	23.5466	5.0	319497.0	1.0	117.0	44.3395	2.7305	58.9822	341.4258	354.0	124263.0	146.0	450.0	85.9765	43.42806421476416
sub-09_ses-01_task-mid_run-02_bold	0.012809860834990063	0.04106820059642147	2	33.83670554593629	1.1884355952390424	1.1088265744621526	0.56	5531.5859	0.11798420023061996	45	8.946322067594433	2.322120354506749	2.1974450686813927	2.5287202505229014	2.2401957443159524	0.00411381	0.016195641830563545	0.054674454033374786	503	86	86	60	4.154949579526227	0.800000011920929	2.3953499794006348	2.3953499794006348	2.4000000953674316	16.4892	5.7123	23.7479	5.0	317777.0	1.0	118.0	44.2403	2.5595	59.9496	338.8947	352.0	125983.0	147.0	446.0	84.7179	29.398469340521842
sub-09_ses-01_task-tom_bold	0.014361422018348623	0.051793220183486234	1	31.79493567036753	1.0583294815313935	0.9492181349923418	0.5656	4604.1504	0.0932663245293938	30	4.587155963302752	2.3733276310741718	2.2400860192223893	2.5618636327771576	2.318033241222968	0.00447861	0.014736196026206017	0.05177417770028114	654	86	86	60	4.107620366453272	0.800000011920929	2.3953499794006348	2.3953499794006348	2.4000000953674316	15.0905	5.7445	24.3374	5.0	316134.0	1.0	117.0	43.4358	2.5292	58.2499	337.0538	351.0	127626.0	140.0	444.0	85.4506	28.231900737329852
sub-10_ses-01_task-mid_run-01_bold	0.0010521031746031746	0.01551590714285714	1	40.8470252020079	1.2242755141749497	0.9999014413121273	0.5317	3175.0027	0.145236038308801	129	25.595238095238095	2.3393036825928184	2.321193165013508	2.510338802977179	2.1863790797877676	0.0134922	0.01139017939567566	0.046702008694410324	504	86	86	60	3.531191254109949	0.800000011920929	2.3953499794006348	2.3953499794006348	2.4000000953674316	28.6181	7.313	24.5488	6.0	336225.0	1.0	106.0	41.9148	1.8027	61.5986	335.1426	353.0	107535.0	98.0	461.0	99.9658	41.28415010217577
sub-10_ses-01_task-mid_run-02_bold	0.0009855555555555555	0.01649481865079365	1	40.95268282868785	1.222438494155069	1.0034659853081507	0.5344	2951.9001	0.14347642652395629	108	21.428571428571427	2.4409405191222664	2.4194877783371584	2.606717203622318	2.296616575407323	0.0111516	0.009934661909937859	0.04676076024770737	504	86	86	60	3.4117098389056966	0.800000011920929	2.3953499794006348	2.3953499794006348	2.4000000953674316	27.5047	7.3454	24.8671	6.0	334698.0	1.0	107.0	41.8386	1.6278	62.5281	332.0532	352.0	109062.0	84.0	460.0	103.1736	39.5002572897356
sub-10_ses-01_task-tom_bold	0.010985236641221374	0.09993093954198473	0	45.861665124740114	1.1261623072171258	1.050142897507644	0.5322	3717.864	0.3471301378562667	371	56.6412213740458	2.666001702290679	2.5441710198544296	2.8886008556174856	2.5652332314001227	0.00640702	0.017568977549672127	0.050637491047382355	655	86	86	60	3.671166314678363	0.800000011920929	2.3953499794006348	2.3953499794006348	2.4000000953674316	25.7346	7.3428	23.742	6.0	335709.0	1.0	100.0	40.2735	1.8816	55.6712	331.1954	351.0	108051.0	101.0	447.0	95.6095	19.087033620569855
sub-11_ses-01_task-mid_run-01_bold	0.0009155158730158731	0.015487197817460318	1	27.778897958727626	1.1253921224652077	1.0036120027634194	0.4761	9684.3896	0.07312216918567463	9	1.7857142857142858	2.411119175612318	2.2773206616617028	2.6491702901752254	2.306866575000025	0.0199655	-0.01305331103503704	0.03946128860116005	504	86	86	60	3.9160858402291185	0.800000011920929	2.3953499794006348	2.3953499794006348	2.4000000953674316	61.6576	3.7065	16.0247	4.0	346880.0	1.0	70.5	34.3077	2.2761	62.4281	367.2555	386.0	96880.0	135.0	484.0	98.5673	48.61769502446987
sub-11_ses-01_task-mid_run-02_bold	0.0012029563492063492	0.0174500873015873	1	28.94425557115311	1.13381988942346	1.0044400335785282	0.477	9510.7764	0.08630721663737359	33	6.5476190476190474	2.4111457700426766	2.277859205094226	2.644649030195208	2.310929074838596	0.0213245	-0.013141547329723835	0.0404878705739975	504	86	86	60	3.9693863962600178	0.800000011920929	2.3953499794006348	2.3953499794006348	2.4000000953674316	53.7101	3.683	16.1704	4.0	347064.0	1.0	71.0	33.5745	2.3168	62.2487	368.4758	388.0	96696.0	139.0	484.0	97.7476	46.0268472507596
sub-11_ses-01_task-tom_bold	0.0007278593272171253	0.01858786330275229	1	29.371258739877497	1.134329101117917	1.001615103629402	0.476	9839.3262	0.0958788955204861	46	7.033639143730887	2.4342687138888075	2.2970923027192867	2.68244726459879	2.3232665743483474	0.0138685	-0.01195509359240532	0.04217824339866638	654	86	86	60	3.8598711085239934	0.800000011920929	2.3953499794006348	2.3953499794006348	2.4000000953674316	57.2164	3.6612	15.7878	4.0	346470.0	1.0	70.0	32.6788	2.1722	63.0378	366.4391	387.0	97290.0	127.0	484.0	100.2619	45.07963489391841
sub-12_ses-01_task-mid_run-01_bold	0.01702636904761905	0.047559309126984126	1	35.56687008848906	1.331987430258448	1.1971833570576547	0.5516	5214.1885	0.11739562142462047	39	7.738095238095238	2.178493065961772	2.0192456390903954	2.331333645615043	2.1848999131798776	0.00507713	0.0009994962019845843	0.051817819476127625	504	86	86	60	4.2327524764736	0.800000011920929	2.3953499794006348	2.3953499794006348	2.4000000953674316	17.3888	5.398	24.6732	5.0	324028.0	1.0	116.0	44.2301	2.5901	59.8601	356.3703	368.0	119732.0	160.0	468.0	86.9407	30.40360066399444
sub-12_ses-01_task-mid_run-02_bold	0.001579027777777778	0.0353650005952381	1	34.03485097558649	1.0949598052882712	0.94697709805169	0.5455	6508.3218	0.14299863432918328	86	17.063492063492063	2.179362689331995	2.0298912650821266	2.3510718886302997	2.1571249142835573	0.00829774	0.006570975761860609	0.05638069286942482	504	86	86	60	4.197439840138735	0.800000011920929	2.3953499794006348	2.3953499794006348	2.4000000953674316	19.9362	5.3744	23.6735	5.0	324751.0	1.0	114.0	44.4775	2.6488	60.3778	357.2858	370.0	119009.0	157.0	468.0	88.1486	34.7828548818361
sub-12_ses-01_task-tom_bold	0.006252392638036808	0.046674342484662575	3	33.7512672530722	1.2035136830875577	1.0570293819662062	0.5432	7019.2593	0.13770500738041908	94	14.417177914110429	2.2350662114593463	2.065894354710632	2.410846034885047	2.2284582447823587	0.00584541	0.00924568623304367	0.05817735567688942	652	86	86	60	4.165851653714719	0.800000011920929	2.3953499794006348	2.3953499794006348	2.4000000953674316	19.9055	4.2659	22.9219	4.0	324687.0	1.0	110.0	43.1698	2.6078	60.5843	356.4614	370.0	119073.0	154.0	468.0	88.817	30.16962052846793
sub-13_ses-01_task-mid_run-01_bold	0.0013896633663366337	0.016663031485148513	0	33.79841429478173	1.1287962410912709	1.0135763324999993	0.5262	6243.2754	0.12315123228344446	29	5.742574257425742	2.328725107130103	2.222869328402821	2.514956082328887	2.2483499106586016	0.0110883	0.000415641552535817	0.05557013303041458	505	86	86	60	3.946407863877556	0.800000011920929	2.3953499794006348	2.3953499794006348	2.4000000953674316	22.5712	4.7972	21.37	5.0	332623.0	1.0	106.0	40.6093	2.3263	60.4667	342.8731	358.0	111137.0	132.0	455.0	90.715	42.076247558929026
sub-13_ses-01_task-mid_run-02_bold	0.003945714285714286	0.015263554464285714	1	32.80442008831012	1.1678797037574555	1.0575611738966197	0.5242	6849.4717	0.10195356749056671	16	3.1746031746031744	2.3497943950477502	2.2294028204330405	2.5404387886243875	2.279541576085823	0.026485	0.0031835115514695644	0.05789335072040558	504	86	86	60	3.922639353559046	0.800000011920929	2.3953499794006348	2.3953499794006348	2.4000000953674316	22.6881	3.8065	21.0616	4.0	332643.0	1.0	106.0	40.7379	2.3235	60.7131	343.368	359.0	111117.0	130.0	456.0	91.5196	43.42626729933545
sub-13_ses-01_task-tom_bold	0.0021356269113149847	0.055573542813455654	1	35.61973171303218	1.0235924455742744	0.9382714330168463	0.5337	5145.5864	0.1392171502093514	75	11.46788990825688	2.452488494821069	2.280430854353405	2.6243638942368466	2.4526707358729545	0.020771	-0.003145876806229353	0.05375790596008301	654	86	86	60	4.026871311172174	0.800000011920929	2.3953499794006348	2.3953499794006348	2.4000000953674316	18.3832	4.908	22.5644	5.0	331838.0	1.0	108.0	40.401	2.2709	59.6011	343.5086	359.0	111922.0	137.0	454.0	89.1507	26.62008746061474
sub-14_ses-01_task-mid_run-01_bold	0.000328015873015873	0.01658519027777778	1	32.54587683471174	1.1488852529025861	0.9841969964811131	0.5497	3841.7468	0.0993043182296231	15	2.9761904761904763	2.2380961398064607	2.188022645989888	2.390970024945192	2.1352957484843036	0.0115755	0.003921599127352238	0.049284424632787704	504	86	86	60	4.159729001977581	0.800000011920929	2.3953499794006348	2.3953499794006348	2.4000000953674316	19.9617	6.6129	29.7844	6.0	331162.0	1.0	145.0	56.8332	2.8093	59.766	363.7545	379.0	112598.0	154.0	476.0	91.1113	45.29660049476661
sub-14_ses-01_task-mid_run-02_bold	0.0003889306930693069	0.015634882376237624	0	34.76607591761902	1.1978323504166664	0.9933027680357146	0.5501	3759.365	0.09877020441502317	7	1.386138613861386	2.248115319809189	2.1945561380201073	2.401231573450162	2.148558247957299	0.00858819	0.00037308959872461855	0.046919167041778564	505	86	86	60	4.133835498976529	0.800000011920929	2.3953499794006348	2.3953499794006348	2.4000000953674316	19.7544	6.6526	30.6605	6.0	331880.0	1.0	149.0	59.0921	2.8243	59.6182	363.2695	379.0	111880.0	151.0	476.0	91.682	46.969382299343124
sub-14_ses-01_task-tom_bold	0.00046683486238532104	0.016837690825688072	1	33.17087353379783	1.1813174535375197	1.0023504023430332	0.5505	3825.8909	0.10047812731357651	7	1.070336391437309	2.2262086269205468	2.1742835263276183	2.3853341053025106	2.1190082491315105	0.0103074	0.004628573544323444	0.05596655234694481	654	86	86	60	4.146559861306124	0.800000011920929	2.3953499794006348	2.3953499794006348	2.4000000953674316	19.7634	6.6037	29.809	6.0	331013.0	1.0	145.0	56.2956	2.8278	59.0615	363.0999	378.0	112747.0	152.0	475.0	91.1595	45.83479962171987
