trans_x	trans_y	trans_z	rot_x	rot_y	rot_z	dvars_std	dvars_nstd	dvars_vstd	framewise_displacement	aqi	aor
0.0	-0.0	0.0	-0.0	0.0	-0.0	n/a	n/a	n/a	n/a	0.141253	0.04368
-0.0014	-0.0576	-0.0339	0.0002897246558310587	-8.37758040957278e-05	3.839724354387525e-05	1.18244576	37.88158035	1.05123793	0.11349488517353308	0.134818	0.03406
-0.0018	-0.018	-0.0153	0.0002478367537831948	-4.537856055185256e-05	2.96705972839036e-05	1.0689677	34.24612427	0.9720499	0.06305058959258554	0.136799	0.03435
-0.0036	0.0127	0.05	-0.00027576202181510406	-3.490658503988659e-05	-9.42477796076938e-05	1.11556399	35.73891449	1.02662587	0.1306994564000931	0.147386	0.04144
0.0032	-0.0377	0.0013	-2.094395102393195e-05	6.108652381980153e-05	5.235987755982988e-06	1.12232363	35.95547104	1.02829594	0.12841474735072683	0.13965	0.03557
0.0019	-0.0348	-0.0503	0.00027925268031909274	-0.00012217304763960306	5.759586531581287e-05	1.0575794	33.88128281	0.97177669	0.08259080401811296	0.130937	0.03093
-0.0067	-0.0095	-0.0052	-7.67944870877505e-05	-0.00011519173063162575	-6.45771823237902e-05	1.06125867	33.99915314	0.99948695	0.10326007660272118	0.138025	0.03594
-0.0073	0.0262	0.0345	-0.0004921828490624009	1.9198621771937625e-05	-6.632251157578452e-05	1.10847831	35.5119133	1.01064977	0.1035762021815104	0.145207	0.04082
0.0001	-0.0616	-0.0497	8.37758040957278e-05	-7.853981633974481e-05	-1.3962634015954635e-05	1.24191415	39.78674698	1.10320249	0.21570284844148205	0.13158	0.03091
-0.0044	-0.0667	-0.0727	0.000153588974175501	-0.00031415926535897925	-5.585053606381854e-05	1.16877103	37.44348907	0.96027555	0.04996602605734357	0.127926	0.02848
-0.0096	0.016	0.0368	-0.0005811946409141118	-8.37758040957278e-05	-0.000148352986419518	1.16625166	37.36277771	1.14278259	0.25028347633542813	0.14503	0.04049
0.0002	-0.0179	-0.0125	-0.00024609142453120044	-1.5707963267948964e-05	-7.853981633974481e-05	1.24678004	39.94263458	1.06442234	0.11664921136452316	0.13745	0.03501
-0.008	-0.083	-0.0817	6.632251157578452e-05	-0.0003525565089028545	-9.42477796076938e-05	1.25171578	40.1007576	1.03233148	0.175748522250492	0.125831	0.02735
-0.0149	-0.0055	-0.029	-0.00023561944901923448	-0.00020594885173533088	-0.0001832595714594046	1.07034552	34.29026794	1.00754527	0.16397807048071267	0.13344	0.03305
-0.0064	0.0022	-0.0176	-0.0005532693728822024	-6.981317007977319e-05	-0.0001308996938995747	1.17072868	37.50620651	0.98363804	0.05290727415391778	0.134594	0.03307
-0.0024	-0.0608	-0.0737	0.0002373647782712288	-0.0001361356816555577	-5.235987755982989e-05	1.05891693	33.9241333	0.98254391	0.16987482395344802	0.125959	0.02732
-0.0055	-0.0189	-0.0248	-0.00023561944901923448	-8.203047484373349e-05	-0.0001658062789394613	1.07224524	34.35112762	1.00836798	0.1259267917740959	0.133465	0.03212
-0.0088	0.0208	0.01	-0.0005253441048502931	-5.4105206811824215e-05	-0.00020943951023931956	1.15363777	36.95866776	0.9988967	0.09586415775814129	0.139123	0.03611
-0.0048	-0.0221	-0.0128	-0.0002129301687433082	1.0471975511965975e-05	-0.00014311699866353502	1.09956694	35.22642136	0.95959955	0.091865681500328	0.136526	0.03362
-0.0133	-0.0458	-0.0655	-0.00015184364492350666	-0.00029845130209103034	-6.45771823237902e-05	1.02820837	32.94033432	0.97141381	0.10732748088812714	0.126453	0.02809
-0.0252	-0.0117	-0.0434	-0.00024609142453120044	-0.000317649923862968	-0.0002251474735072685	1.07215166	34.34812927	0.96324282	0.08180083462815547	0.13023	0.03033
-0.023	-0.0845	-0.0812	-0.00029496064358704166	-0.0005235987755982988	-4.363323129985824e-05	1.23222113	39.47621536	1.0187298	0.1346166156499291	0.126032	0.02809
-0.0259	-0.0611	-0.1421	0.0001361356816555577	-0.0008761552845011534	4.71238898038469e-05	1.17705142	37.70876312	1.03429112	0.13092049776245798	0.115062	0.0211
-0.0305	0.0155	-0.0952	-0.0002181661564992912	-0.0005654866776461627	-0.00015184364492350666	1.13411736	36.33330154	1.0079046	0.17129689898685965	0.11942	0.02379
-0.0308	-0.0068	-0.1054	0.0002897246558310587	-0.0005619960191421741	-0.000158824961931484	1.34032929	42.93963623	1.03798923	0.058718139392115766	0.119043	0.02304
-0.0249	-0.087	-0.1713	0.0011327186845443199	-0.0008203047484373349	-7.853981633974481e-05	1.30018675	41.65360641	1.0558002	0.21107939518000807	0.109003	0.01722
-0.0292	-0.0228	-0.133	0.000879645943005142	-0.0007295476273336296	-0.0001675516081914556	1.07339466	34.3879509	0.97723924	0.12844208272472968	0.114074	0.02019
-0.0352	-0.0026	-0.0764	0.0003630284844148205	-0.000582939970166106	-0.00027925268031909274	1.18734205	38.0384407	0.98605282	0.12154630939427412	0.123242	0.02513
-0.0291	-0.0678	-0.1101	0.0005235987755982988	-0.0006230825429619757	-0.0002251474735072685	1.13935292	36.50102997	0.98612565	0.11774090353955861	0.117733	0.0218
-0.0252	-0.0671	-0.1217	0.00038397243543875244	-0.0006510078109938849	-0.00014311699866353502	1.15443766	36.98429489	0.92727118	0.02867910415175944	0.114983	0.02039
-0.032	-0.0225	-0.0759	-5.759586531581287e-05	-0.0005724679946541401	-0.00028099800957108706	1.01440668	32.49817276	0.95460628	0.13009945640009307	0.123255	0.02525
-0.035	-0.0231	-0.0667	-1.9198621771937625e-05	-0.0004956735075663896	-0.00033335788713091696	1.10317767	35.34209824	0.93509297	0.021177580409572783	0.125145	0.02616
-0.0341	-0.0575	-0.0828	0.0003298672286269283	-0.0004729842272904633	-0.0003106686068549907	1.00469971	32.18719482	0.93274132	0.07112222054753593	0.122694	0.02442
-0.0392	-0.0206	-0.0764	5.061454830783555e-05	-0.0005497787143782138	-0.000317649923862968	1.04867482	33.5960083	0.94477382	0.06655142422074103	0.122288	0.02495
-0.0569	0.0191	-0.0499	-0.0003316125578789226	-0.000879645943005142	-0.00038571776469074686	1.10398328	35.36790848	1.01177435	0.12290810878207326	0.126705	0.02606
-0.0512	-0.0739	-0.212	0.0005358160803622592	-0.0011955505376161158	-0.0001675516081914556	1.30997896	41.96731567	1.29842982	0.33087496946757233	0.101721	0.014
-0.0404	-0.0539	-0.2642	0.00027925268031909274	-0.0014556045961632708	-8.028514559173915e-05	1.13437498	36.34155273	1.04710839	0.1131941960595019	0.0937141	0.01132
-0.0407	-0.0558	-0.3195	0.0005183627878423159	-0.0021589722847169856	-0.00018151424220741024	1.19967902	38.43367767	1.08327733	0.10968534463463046	0.084051	0.00778
-0.0466	0.0351	-0.2612	0.0009162978572970229	-0.0018744836166419098	-0.0003961897402027128	1.2108233	38.79070282	1.09909758	0.19995496177625424	0.0916675	0.01002
-0.0359	0.0031	-0.2689	0.000932005820564972	-0.001452113937659282	-0.0003717551306747922	1.14753306	36.76309586	0.97662979	0.07352561258892484	0.0900617	0.00991
-0.0334	-0.0611	-0.2938	0.0012461650859239514	-0.0016057029118347831	-0.00038048177693476387	1.16904938	37.45240402	0.98362376	0.11542374428972264	0.087094	0.00863
-0.0458	-0.0445	-0.2434	0.0009023352232810684	-0.0014957471689591403	-0.0005410520681182421	1.2039299	38.56985855	1.00877908	0.1101177948351002	0.09486	0.01133
-0.0545	-0.007	-0.2072	0.0003700098014227979	-0.001322959573011702	-0.0006161012259539982	1.19502366	38.28453445	0.99681282	0.12140810878207323	0.0992107	0.01342
-0.0462	-0.0774	-0.2477	0.0008342673824532895	-0.0014067353771074296	-0.0005096361415823442	1.16435003	37.30185318	0.99439516	0.15192492347489367	0.0935762	0.01141
-0.0502	-0.0653	-0.2356	0.000705113017805709	-0.0014189526818713899	-0.0005811946409141118	1.15421748	36.97724152	0.96042796	0.03884650843716542	0.0952119	0.01178
-0.0528	-0.0039	-0.1759	0.0001256637061435917	-0.0012636183784438947	-0.0006667157742618339	1.14087796	36.54988861	0.99967665	0.16471523742186675	0.104116	0.01529
-0.0411	-0.0739	-0.2209	0.0005794493116621174	-0.0012601277199399059	-0.0005707226654021458	1.08893168	34.88570404	0.98656273	0.15436346864411016	0.0973682	0.01234
-0.0302	-0.0634	-0.2451	0.0008709192967451704	-0.0013264502315156904	-0.0004974188368183839	1.08183968	34.65850067	0.94731027	0.06715481626212996	0.0933158	0.01057
-0.0455	0.0085	-0.1733	0.00020420352248333657	-0.0011990411961201044	-0.0006684611035138282	1.10973895	35.5522995	1.03642331	0.20725835381764315	0.103701	0.01585
-0.0392	-0.0082	-0.2106	0.0004747295565424576	-0.0011013027580084218	-0.0005864306286700947	1.0562644	33.83915329	0.96363105	0.08281474735072684	0.0985873	0.01336
-0.0299	-0.0595	-0.249	0.0011850785621041497	-0.0012688543661998775	-0.00048520153205442357	1.06067085	33.98032379	0.96114799	0.14795648551844093	0.0925142	0.01051
-0.0412	-0.01	-0.2025	0.0006126105674500097	-0.0011833332328521555	-0.0006527531402458793	1.0579071	33.89178085	0.98630131	0.14857703680966583	0.098901	0.01333
-0.0486	0.0114	-0.1851	0.0002513274122871834	-0.0011641346110802177	-0.0007382742735936014	1.15213442	36.9105072	0.97810693	0.06950014551412434	0.102264	0.01518
-0.0467	-0.0601	-0.2191	0.0007539822368615504	-0.0011746065865921838	-0.0006736970912698113	1.12623024	36.08062363	0.97011585	0.13628519912050616	0.0980873	0.01251
-0.0468	-0.0614	-0.2305	0.0008150687606813518	-0.001281071670963838	-0.0006422811647339132	1.02033401	32.68806458	0.90830822	0.022748376736367718	0.0963099	0.01192
-0.058	-0.0214	-0.1645	0.0005358160803622592	-0.0012322024519079964	-0.0006841690667817771	1.02296531	32.77236557	0.98821334	0.1357004900711399	0.105999	0.01598
-0.0542	-0.0552	-0.2077	0.0008587019919812101	-0.0012793263417118436	-0.0005969026041820607	1.10763967	35.48504639	0.98283326	0.10366381320112572	0.0992915	0.0128
-0.0448	-0.1285	-0.2717	0.0010716321607245184	-0.0016301375213627037	-0.00046425758103049166	1.26771867	40.61343765	1.03873571	0.18151931857728687	0.0924819	0.00973
-0.0448	-0.0618	-0.2672	0.001296779634231787	-0.0018727382873899156	-0.000439822971502571	1.15628374	37.04343796	0.98780898	0.09580914245312008	0.0910882	0.00914
-0.0515	0.0488	-0.1711	0.0007382742735936014	-0.0014660765716752368	-0.0006579891280018621	1.18991816	38.12097168	1.14089563	0.27256666164260773	0.10402	0.01416
-0.041	-0.0737	-0.2682	0.0012025318546240932	-0.0015969762655748114	-0.0005864306286700947	1.18793499	38.0574379	1.15496698	0.2634357887130917	0.0897372	0.00904
-0.0389	-0.0786	-0.2992	0.0017941984710501708	-0.0016964600329384882	-0.0005916666164260777	1.05871797	33.91775894	0.9592587	0.07281931857728689	0.0851361	0.00731
-0.0546	-0.002	-0.224	0.0009162978572970229	-0.0015254177662430443	-0.0007871434926494425	1.08181	34.65755081	1.04219704	0.22972098783359785	0.0962822	0.01199
-0.0575	-0.0316	-0.2459	0.0009721483933608416	-0.0015550883635269475	-0.0007941248096574199	1.07136369	34.32288361	0.98261318	0.05902512251778496	0.0934077	0.01069
-0.0491	-0.0894	-0.2867	0.0012531464029319286	-0.0017278759594743865	-0.0006510078109938849	1.08504283	34.76111984	0.97488101	0.13684513020910305	0.0883943	0.00806
-0.0551	-0.0405	-0.2458	0.0009302604913129776	-0.0015481070465189703	-0.0007417649320975902	1.01686239	32.57684708	0.94842608	0.12547059728390364	0.0932785	0.01044
-0.0578	-0.0424	-0.2435	0.0009075712110370514	-0.00152367243699105	-0.0007731808586334879	1.06596971	34.15008163	0.91850316	0.010826990816987205	0.0935817	0.01053
-0.056	-0.0671	-0.2928	0.0011397000015522971	-0.0018500490071139892	-0.0006161012259539982	0.99276233	31.80476189	0.92456237	0.11157924966588374	0.0866266	0.00836
-0.0629	-0.0306	-0.2456	0.0013840460968315032	-0.0017016960206944712	-0.0007714355293814937	1.05024326	33.64625549	0.9807081	0.11800166925631093	0.0928853	0.0098
-0.0569	-0.0438	-0.2694	0.001192059879112127	-0.0016824973989225337	-0.0007243116395776468	1.14231312	36.59586716	1.01179133	0.055915436464758	0.0904094	0.00917
-0.052	-0.14	-0.3131	0.0026267205242514655	-0.0014189526818713899	-0.0003577924966588376	1.56460345	50.12462616	1.55939221	0.24803622525546465	0.0896653	0.01495
-0.0393	-0.0853	-0.1886	0.00863065315111196	-0.001085594794740473	-0.00010995574287564276	2.68166924	85.91165161	2.9669045	0.5211563633887303	0.133392	0.07157
-0.0067	-0.2762	-0.5671	0.005525712411814047	-0.0022113321622768156	0.0004625122517784973	2.76688457	88.6416626	2.95011831	0.84215730507442	0.0625317	0.00393
-0.0013	-0.1393	-0.663	0.0070354222147891434	-0.0019425514574696887	0.000486946861306418	1.52669454	48.91015244	1.32522078	0.32834625586550714	0.0469021	0.00067
0.0023	-0.2036	-0.7465	0.007951720072086166	-0.0022933626371205488	0.0003961897402027128	1.13304591	36.2989769	1.02394017	0.21929330790257945	0.0391362	0.00037
-0.0147	-0.2074	-0.7882	0.008482300164692442	-0.002649409804527392	0.00022165681500327985	1.11985457	35.87636948	0.9482497	0.11555800926062756	0.0362127	0.00026
-0.0399	-0.1383	-0.6711	0.0071715578964447	-0.002806489437206882	-4.363323129985824e-05	1.24175823	39.78175354	1.0268632	0.2980555973615185	0.0450045	0.00038
-0.0421	-0.2049	-0.7086	0.007517133088339578	-0.0027192229746071652	-0.00011344640137963142	1.21199453	38.82822418	0.99774728	0.1314327412287184	0.0419792	0.00046
-0.043	-0.2411	-0.7658	0.007487462491055673	-0.0027942721324429216	-0.00014486232791552936	1.18065262	37.82413483	0.99698198	0.10110678408277803	0.0373434	0.00028
-0.0543	-0.1576	-0.6508	0.006290166624187564	-0.0026075219024795284	-0.000322885911618951	1.14287603	36.61389923	1.03289274	0.2879034840267461	0.0445292	0.0003
-0.0522	-0.2165	-0.7518	0.007360053455660089	-0.0029269171555944902	-0.00028274333882308137	1.21027732	38.77320862	1.03634516	0.23347123286916777	0.0361214	9e-05
-0.058	-0.2469	-0.8109	0.007960446718346137	-0.003178244567881674	-0.00028623399732707005	1.15712976	37.07054138	0.94588181	0.138060566673861	0.0316052	7e-05
-0.0667	-0.1593	-0.7166	0.0069097585086455495	-0.0029897490086662863	-0.0004747295565424576	1.11747026	35.79998398	1.00942123	0.26198396640656807	0.0382893	9e-05
-0.08	-0.1513	-0.7104	0.006740461571202101	-0.0030124382889422127	-0.0006056292504420323	1.2128129	38.8544426	0.96262498	0.04364429558094749	0.0381578	0.00017
-0.082	-0.1935	-0.7461	0.007061602153569058	-0.002933898472602468	-0.0005497787143782138	1.06437373	34.09894943	0.93258889	0.10267654673852596	0.0365104	0.00019
-0.0801	-0.1658	-0.7297	0.0067771134854939805	-0.0029792770331543207	-0.0005218534463463045	1.01362884	32.47325516	0.91270947	0.06388962483294193	0.0378889	0.00013
-0.0866	-0.1227	-0.6712	0.005717698629533424	-0.0032759830059933565	-0.0005358160803622592	1.06738937	34.19556046	0.96151645	0.17660417314077737	0.0424973	0.00032
-0.0824	-0.244	-0.7746	0.006503096792930871	-0.0035447637108004834	-0.00039095375244672985	1.35649371	43.45748901	1.08301121	0.2888520598060051	0.0381198	0.00055
-0.0773	-0.1913	-0.8205	0.007309438907352251	-0.0036163222101322505	-0.00034033920413889426	1.23623121	39.60468674	0.99278844	0.1501257581030492	0.0325918	0.00011
-0.0866	-0.1886	-0.8378	0.006487388829662923	-0.00401076662108297	-0.00032463124087094524	1.04970193	33.62891388	0.95897835	0.09091012259539982	0.0310006	0.0003
-0.0943	-0.1267	-0.8075	0.007051130178057092	-0.003701843343479973	-0.0005393067388662478	1.11981344	35.87505341	0.97456637	0.15426700619962339	0.0299712	5e-05
-0.0922	-0.1764	-0.8342	0.00721170046924057	-0.0039235001584832525	-0.0005253441048502931	1.06548536	34.13456345	0.94883757	0.09830948701013564	0.0282015	4e-05
-0.0935	-0.1818	-0.8243	0.006812020070533868	-0.004049163864626845	-0.0005183627878423159	1.07226574	34.35178375	0.92762071	0.043216271092913566	0.0289565	5e-05
-0.1012	-0.1262	-0.7604	0.006108652381980153	-0.003855432317655474	-0.0006161012259539982	1.07224548	34.35113525	0.96337004	0.1769418836818384	0.0326335	3e-05
-0.107	-0.1735	-0.7592	0.006143558967020039	-0.003796091123087667	-0.0006859143960337716	1.1098299	35.55521393	0.95647438	0.06250304748437328	0.0327398	2e-05
-0.1014	-0.2355	-0.8342	0.007189011188964644	-0.004091051766674708	-0.0005288347633542819	1.11125493	35.60086441	0.96693237	0.21747462491055683	0.0280101	3e-05
-0.11	-0.1862	-0.8039	0.006813765399785863	-0.00409977841293468	-0.0006161012259539982	1.12345517	35.99172211	0.93773615	0.11176194490192352	0.0294661	5e-05
-0.1222	-0.1295	-0.7472	0.005996951309852516	-0.0041608649367544815	-0.000736528944341607	1.06346893	34.06996155	0.95335968	0.17551641660703787	0.0335192	9e-05
-0.1194	-0.1869	-0.8648	0.006852162643329738	-0.004349360495969869	-0.0003054326190990077	1.11165738	35.61375809	1.03362809	0.25154016089676046	0.026403	5e-05
-0.1295	-0.2533	-0.9464	0.007471754527787724	-0.004773475504204492	-0.0005096361415823442	1.15490532	36.99927902	1.01277082	0.22049552075879728	0.023948	0.00034
-0.1352	-0.1474	-0.9094	0.007553785002631459	-0.004769984845700502	-0.0006597344572538566	1.16773069	37.41016006	1.03292212	0.16038097245096186	0.0242203	0.00023
-0.1341	-0.1313	-0.8976	0.007134905982152819	-0.004626867847036967	-0.0007417649320975902	1.1629231	37.25614166	0.99767302	0.06120132469929547	0.0248377	0.0002
-0.1283	-0.1622	-0.9579	0.007700392659798981	-0.004836307357276287	-0.0007120943348136865	1.07906246	34.56952667	0.96178239	0.13722983925846935	0.021737	3e-05
-0.1413	-0.1474	-0.9345	0.007675958050271062	-0.004750786223928565	-0.0008918632477691023	1.01899385	32.64513016	0.92209357	0.06568623279155289	0.022566	3e-05
-0.1459	-0.1523	-0.9278	0.007391469382195986	-0.004707152992628707	-0.0009529497715889039	1.05961049	33.9463501	0.92645636	0.035660421159736784	0.022872	1e-05
-0.1372	-0.209	-0.9504	0.008051203839449843	-0.004721115626644662	-0.0008918632477691023	1.13427615	36.33838654	0.97021977	0.12473918075448076	0.0217374	3e-05
-0.1442	-0.1555	-0.8296	0.007489207820307668	-0.004244640740850209	-0.001158898623324235	1.20876896	38.72488785	1.05492966	0.24657531402458804	0.0284311	4e-05
-0.1443	-0.2429	-0.9353	0.00836885376331281	-0.004401720373529699	-0.0010716321607245184	1.12500036	36.04122162	1.02140745	0.24939960191421745	0.0223401	3e-05
-0.1457	-0.2318	-0.9349	0.008332201849020929	-0.0044645522266014955	-0.001022762941668677	1.00518179	32.20264053	0.90577023	0.020317649320975968	0.0217952	1e-05
-0.1474	-0.1782	-0.8887	0.007695156672042999	-0.0044593162388455124	-0.0010122909661567112	1.06237197	34.03482056	0.92218896	0.13413765701229385	0.0241562	3e-05
-0.1424	-0.1603	-0.8954	0.007471754527787724	-0.004391248398017733	-0.0009232791743050004	1.05020487	33.64502716	0.9274349	0.048624088846738224	0.0239965	3e-05
-0.1414	-0.2002	-0.9605	0.008428194957880617	-0.004693190358612751	-0.0008325220532012951	1.10283875	35.33124161	0.9509	0.17345697558958087	0.0203609	0.0
-0.1479	-0.1375	-0.9092	0.007723081940074907	-0.00471238898038469	-0.0009564404300928925	1.17056715	37.50102997	0.95285611	0.16291150082346229	0.0239124	5e-05
-0.1409	-0.1936	-1.0053	0.007843509658462517	-0.004914847173616032	-0.0007853981633974483	1.16551304	37.33911133	1.00991124	0.18389640891571993	0.0193502	0.00013
-0.1426	-0.1691	-1.0159	0.008248426044925202	-0.0049235738198760036	-0.0008080874436733745	1.04652131	33.5270195	0.94000791	0.05861661564992906	0.0183884	1e-05
-0.152	-0.1088	-0.9218	0.007946484084330182	-0.004883431247080134	-0.0010402162341886204	1.16035461	37.17385483	1.03070686	0.19251066619530685	0.0231769	3e-05
-0.1516	-0.1563	-0.9315	0.00793775743807021	-0.0049131018443640375	-0.0010175269539126942	1.12333763	35.98795319	0.99086457	0.060654326190990086	0.0224235	3e-05
-0.1498	-0.217	-0.9732	0.00832871119051694	-0.004914847173616032	-0.0009023352232810684	1.05244541	33.71680832	0.94312114	0.12959454061651748	0.0202498	1e-05
-0.1504	-0.1945	-0.9476	0.0078103484026746245	-0.004874704600820162	-0.0009302604913129776	1.07590663	34.46842575	0.92164588	0.07802153143350467	0.0215904	0.0
-0.1492	-0.1796	-0.8972	0.007079055446089001	-0.004796164784480418	-0.0009773843811168245	1.09723258	35.15163803	0.92188499	0.10934783313646076	0.0250356	4e-05
-0.1484	-0.2316	-0.9466	0.007770205829878755	-0.004803146101488395	-0.0009564404300928925	1.10087645	35.2683754	0.96581241	0.13815378259108316	0.0220811	5e-05
-0.1482	-0.2187	-0.9456	0.008045967851693859	-0.004820599394008338	-0.0009197885158010115	1.11603427	35.75397873	0.91335171	0.0305933614313464	0.0216743	5e-05
-0.1509	-0.1389	-0.8741	0.007063347482821051	-0.00476474885794452	-0.0010035643198967395	1.02149653	32.72530746	0.95477265	0.21011233545161767	0.0252259	0.0
-0.1499	-0.1801	-0.9448	0.007796385768658669	-0.00486597795456019	-0.0009372418083209549	1.07052851	34.29612732	0.9583105	0.15792949470145365	0.0214052	2e-05
-0.1402	-0.1543	-0.8928	0.007981390669370068	-0.004609414554517024	-0.00091106186954104	1.08646178	34.80657578	1.00275358	0.11088741197672392	0.0240183	3e-05
-0.1276	-0.0933	-0.7759	0.007562511648891429	-0.0041608649367544815	-0.0010506882097005862	1.20317447	38.54565811	1.11469275	0.24085274892003636	0.0313204	3e-05
-0.1295	-0.1899	-0.8564	0.008143706289805541	-0.004218460802070294	-0.0010349802464326373	1.15686786	37.06214905	1.02741381	0.2117249234748937	0.0262544	3e-05
-0.1372	-0.1719	-0.8843	0.008225736764649274	-0.004406956361285682	-0.0009564404300928925	1.07036519	34.29089737	0.94733753	0.07105329251994316	0.0256678	6e-05
-0.1431	-0.1547	-0.8471	0.0072413710665244725	-0.004433136300065597	-0.0009983283321407565	1.06335771	34.06639862	0.96453069	0.11292167694762902	0.0273376	7e-05
-0.1483	-0.215	-0.9166	0.007899360194526335	-0.0045971972497530645	-0.0009128071987930344	1.10459971	35.38765335	0.95704805	0.18037856055185256	0.0241614	1e-05
-0.1489	-0.1967	-0.9204	0.007876670914250409	-0.00467224640758882	-0.000890117918517108	1.04106009	33.35205841	0.89213251	0.028721385919380463	0.0239254	7e-05
-0.1413	-0.1719	-0.883	0.007754497866610805	-0.004511676116405342	-0.0007871434926494425	1.05184031	33.69742203	0.9312466	0.08908588823453736	0.0266392	0.0001
-0.1345	-0.1439	-0.8345	0.007546803685623481	-0.004455825580341524	-0.000778416846389471	1.00682378	32.25524521	0.95558633	0.09691356816555564	0.0295244	0.00023
-0.134	-0.2457	-0.963	0.00890117918517108	-0.004668755749084832	-0.0007138396640656808	1.30352092	41.76042175	1.08376305	0.3123941425307348	0.0212763	9e-05
-0.1382	-0.1922	-0.9524	0.008178612874845429	-0.004904375198104066	-0.0006789330790257941	1.23167562	39.45874023	1.00119987	0.11795461721923851	0.020807	4e-05
-0.1429	-0.1149	-0.8505	0.007644542123735163	-0.0047088983218807005	-0.000783652834145454	1.12033272	35.8916893	1.02648501	0.22561336912266455	0.0253219	2e-05
-0.1462	-0.171	-0.9159	0.008454374896660533	-0.004693190358612751	-0.0007853981633974483	1.10267413	35.32596588	0.9699983	0.16616430327226567	0.0217196	4e-05
-0.1459	-0.1677	-0.9167	0.008386307055832754	-0.004747295565424576	-0.0007470009198535729	1.0718205	34.3375206	0.92460116	0.012428514559173893	0.0223324	2e-05
-0.1511	-0.1057	-0.8589	0.0075502943441274695	-0.004618141200776996	-0.000895353906273091	1.04741895	33.55577469	0.94617244	0.18067600313861917	0.0261918	5e-05
-0.1586	-0.1741	-0.8916	0.008117526351025627	-0.00471238898038469	-0.0009983283321407565	1.23601234	39.59767151	0.97041533	0.14682271061867577	0.0242307	4e-05
-0.1571	-0.2233	-0.9299	0.008508480103472356	-0.004754276882432553	-0.0008988445647770796	1.01053631	32.37417984	0.93276041	0.11561627109291348	0.0220605	3e-05
-0.156	-0.1967	-0.9131	0.008217010118389304	-0.004729842272904633	-0.0008674286382411819	0.96826512	31.01995468	0.90910569	0.06186602605734344	0.022434	5e-05
-0.1588	-0.1466	-0.8124	0.007244861725028462	-0.004663519761328848	-0.0010419615634406148	1.10681927	35.45876312	0.97751207	0.21425019150680305	0.0290598	0.0
-0.1551	-0.1991	-0.8968	0.00836885376331281	-0.004642575810304917	-0.0010175269539126942	1.13371682	36.3204689	1.00004929	0.19906852994181	0.0235261	5e-05
-0.1503	-0.2196	-0.9213	0.008702211650443726	-0.004640830481052923	-0.0008813912722571365	1.20304561	38.54153061	0.92173946	0.07336194490192342	0.022181	2e-05
-0.1568	-0.1261	-0.8569	0.007607890209443282	-0.004654793115068877	-0.0009564404300928925	1.07480788	34.43322372	0.98130209	0.22356666164260772	0.0254746	2e-05
-0.1544	-0.1651	-0.8881	0.008122762338781609	-0.004651302456564888	-0.0009197885158010115	1.07212102	34.3471489	0.94201453	0.10035073510670985	0.0228105	1e-05
-0.1515	-0.1832	-0.9198	0.008293804605477054	-0.00463559449329694	-0.0008290313946973065	1.02200329	32.74154282	0.9119743	0.06657536755335489	0.0215295	1e-05
-0.1527	-0.1525	-0.8902	0.007911577499290294	-0.004588470603493092	-0.0008779006137531476	1.03017092	33.00320816	0.92583691	0.08541101075232238	0.0232354	3e-05
-0.1582	-0.126	-0.8684	0.007302457590344275	-0.004661774432076854	-0.000926769832808989	1.08763516	34.84416962	0.9471856	0.09036464782928115	0.0245816	4e-05
-0.1561	-0.1891	-0.9137	0.008155923594569502	-0.0047088983218807005	-0.0008464846872172499	1.08116281	34.63681412	0.94708133	0.15954375198104065	0.0222856	3e-05
-0.1552	-0.1782	-0.9044	0.00809832772925369	-0.004668755749084832	-0.0008220500776893293	1.065745	34.14287949	0.90507792	0.027208652381980055	0.0228683	2e-05
-0.159	-0.1372	-0.8533	0.0075502943441274695	-0.004469788214357478	-0.000874409955249159	0.98078334	31.42099571	0.91497275	0.1358680398706702	0.0256946	3e-05
-0.1628	-0.1421	-0.8975	0.007504915783575617	-0.004773475504204492	-0.0006265732014659643	1.06999731	34.27910995	0.96409738	0.08274513020910308	0.0235043	4e-05
-0.1621	-0.1175	-0.8779	0.007298966931840286	-0.004899139210348083	-0.0007120943348136865	1.1637305	37.28200531	1.02137755	0.06575668456133217	0.0252948	5e-05
-0.1619	-0.1546	-0.8866	0.007567747636647412	-0.005133013330115323	-0.0006579891280018621	1.20135021	38.48721695	1.03306207	0.07383800156930957	0.0243248	3e-05
-0.1607	-0.1954	-0.9611	0.008264134008193149	-0.005326744877086694	-0.0005724679946541401	1.0936023	35.03533554	0.98467349	0.16528195259324133	0.0201172	3e-05
-0.1628	-0.1309	-0.9363	0.008208283472129332	-0.0051277773423593406	-0.0007661995416255106	1.1208204	35.90731049	0.99039741	0.11382748088812691	0.0221624	0.00011
-0.167	-0.1402	-0.9327	0.008059930485709814	-0.005174901232163186	-0.0008639379797371932	1.09998	35.23965454	0.96551967	0.03176076571675238	0.022574	4e-05
-0.1615	-0.1959	-1.0273	0.008852309966115239	-0.005270894341022875	-0.0007330382858376184	1.10417342	35.37399673	0.97455805	0.20676361415823452	0.0184126	3e-05
-0.1665	-0.1667	-1.0003	0.008449138908904549	-0.00541401133968641	-0.0007819075048934597	1.0849787	34.75906372	0.92025131	0.09095786374650344	0.0196878	3e-05
-0.1791	-0.1128	-0.921	0.007536331710111515	-0.005331980864842677	-0.0009930923443847736	1.18431795	37.94155884	0.97273398	0.206101125656404	0.0235322	3e-05
-0.1738	-0.174	-0.9648	0.007997098632638018	-0.005394812717914472	-0.0009302604913129776	1.14803982	36.77933121	0.98489599	0.13962153143350467	0.0204837	6e-05
-0.1726	-0.1571	-0.9466	0.007433357284243849	-0.005431464632206353	-0.0008988445647770796	1.18321872	37.90634155	0.94985875	0.06789045946109735	0.0217481	7e-05
-0.1767	-0.1117	-0.9213	0.0070179689222692	-0.005307546255314756	-0.0009965830028887623	1.12270904	35.9678154	0.95123951	0.1066522588488964	0.022141	1e-05
-0.1746	-0.1597	-0.9319	0.007344345492392139	-0.005288347633542819	-0.0009180431865490173	1.05170202	33.69298935	0.92457304	0.08190575041173102	0.0209902	0.0
-0.1704	-0.1313	-0.9392	0.007494443808063651	-0.0051836278784231585	-0.0007766715171374765	1.06911337	34.25079346	0.94137306	0.05970948701013574	0.0207242	4e-05
-0.1542	-0.0681	-0.7447	0.007367034772668065	-0.00434586983746588	-0.0005427973973702365	1.39015377	44.53584671	1.33842087	0.33385205980600524	0.0383112	0.00056
-0.1445	-0.1579	-0.8314	0.009068730793362536	-0.00411199571769864	-0.0004799655442984406	1.40734303	45.08653259	1.31735381	0.28612009967667534	0.0299911	8e-05
-0.1431	-0.2356	-0.8736	0.008964011038242875	-0.004440117617073575	-0.000466002910282486	1.38804805	44.46838379	1.01716815	0.14364021442552752	0.02722	5e-05
-0.1458	-0.2683	-0.9588	0.008669050394655835	-0.0048624872960562025	-0.0003106686068549907	1.2362411	39.60500336	1.0506795	0.16423323129985806	0.022853	0.00026
-0.148	-0.1794	-0.9851	0.008583529261308114	-0.004928809807631986	-0.00041538836197465044	1.19286382	38.21533966	1.04184929	0.13022817000215817	0.0200387	9e-05
-0.1529	-0.1392	-0.9622	0.008265879337445145	-0.004982915014443811	-0.0005044001538263612	1.04663479	33.53065491	0.9405529	0.09103834612632515	0.0224031	7e-05
-0.1561	-0.1019	-0.9295	0.007740535232594851	-0.00495848040491589	-0.0006038839211900379	1.13444221	36.34370804	0.96981718	0.10566312408709456	0.0224674	4e-05
-0.1602	-0.1665	-0.9801	0.008220500776893291	-0.005002113636215748	-0.000582939970166106	1.14115906	36.55889511	0.96604292	0.14652713633111153	0.0191538	3e-05
-0.1618	-0.1575	-0.9518	0.008110545034017648	-0.005042256209011618	-0.0005969026041820607	1.02855051	32.95129395	0.92434227	0.04710304748437337	0.0199434	2e-05
-0.1665	-0.1253	-0.8825	0.007511897100583594	-0.004954989746411901	-0.000705113017805709	1.12436402	36.02083588	0.9486202	0.145906240482871	0.0236242	0.0
-0.1614	-0.1969	-0.9364	0.008166395570081468	-0.005061454830783556	-0.0006178465552059926	1.12128961	35.92234421	0.98140272	0.1730115008234623	0.0206645	2e-05
-0.1632	-0.1983	-0.9216	0.008012806595905968	-0.005094616086571448	-0.0006370451769779302	1.17741668	37.72046661	0.93178661	0.028297442586766565	0.0213773	2e-05
-0.1714	-0.1407	-0.8909	0.007442083930503821	-0.005101597403579425	-0.0007958701389094143	1.0813632	34.64323425	0.95388808	0.13332644721708034	0.0232109	3e-05
-0.1658	-0.2213	-0.9603	0.00850149878646438	-0.005181882549171164	-0.0006510078109938849	1.08079314	34.6249733	0.96741111	0.2198281164733913	0.0194779	1e-05
-0.1665	-0.1693	-0.9069	0.00817512221634144	-0.005150466622635266	-0.0006824237375297829	1.06621706	34.15800476	0.96667048	0.1255604211597368	0.022258	2e-05
-0.1667	-0.1167	-0.7678	0.007237880408020484	-0.004773475504204492	-0.0008063421144213803	1.25847256	40.3172226	1.15792345	0.26380756518216636	0.0323375	9e-05
-0.1587	-0.2405	-0.9765	0.00838456172658076	-0.005242969072990966	-0.0006370451769779302	1.33998978	42.92876053	1.2170024	0.42977359123951	0.019538	3e-05
-0.1608	-0.145	-0.9051	0.007881906902006392	-0.005101597403579425	-0.000726056968829641	1.14038146	36.53398132	0.99115774	0.20565191429188087	0.0227094	2e-05
-0.1717	-0.1179	-0.8609	0.007632324818971204	-0.005098106745075437	-0.0008203047484373349	1.10375404	35.36056137	0.96027898	0.09956602605734355	0.024949	3e-05
-0.1748	-0.1806	-0.9041	0.008152432936065514	-0.005237733085234983	-0.0007801621756414653	1.04439354	33.45885086	0.94393859	0.1439938515024864	0.0219666	0.0
-0.1726	-0.1603	-0.8827	0.007951720072086166	-0.005256931707006921	-0.0007278022980816354	1.06263292	34.04317856	0.93146186	0.05751356816555584	0.0231772	1e-05
-0.1844	-0.124	-0.8338	0.007148868616168773	-0.0053616514621265795	-0.0008360127117052838	1.06339288	34.06752777	0.9572976	0.14778908123303502	0.0268088	3e-05
-0.1764	-0.1497	-0.8714	0.007351326809400116	-0.0053058009260627615	-0.0006632251157578452	1.03370094	33.11629868	0.93947404	0.09285481626212995	0.0244852	3e-05
-0.1706	-0.1595	-0.8772	0.007785913793146704	-0.005225515780471023	-0.0004485496177625427	1.04130566	33.35992813	0.94656978	0.057877381366681455	0.0245419	3e-05
-0.1848	-0.1537	-0.8962	0.007705628647554965	-0.005340707511102648	-0.0006492624817418905	1.0853523	34.77103424	0.97828863	0.058809487010135594	0.0234885	3e-05
-0.1789	-0.2343	-1.0511	0.008595746566072072	-0.0057648225193372695	-0.0004886921905584122	1.19277489	38.21249008	1.08150724	0.3151401608967602	0.0175029	9e-05
-0.1755	-0.1745	-1.079	0.008559094651780192	-0.005848598323432999	-0.0004136430327226561	1.10744679	35.47886658	0.97948117	0.10087384381116836	0.0170076	6e-05
-0.1914	-0.11	-0.9851	0.007677703379523056	-0.005564109655357922	-0.0006510078109938849	1.17008936	37.48572159	0.9969976	0.24446223593017208	0.0213549	9e-05
-0.1979	-0.1537	-1.0162	0.008033750546929898	-0.005689773361501514	-0.0007225663103256524	1.25587797	40.23410034	0.98508454	0.1089634686441101	0.0201333	7e-05
-0.1887	-0.1759	-1.0556	0.008637634468119937	-0.005686282702997525	-0.0006684611035138282	1.16162467	37.21454239	0.97574023	0.10387398932529268	0.0172708	6e-05
-0.1877	-0.1527	-1.0309	0.00848579082319643	-0.005581562947877866	-0.0007470009198535729	1.20009756	38.44708633	0.96231436	0.06565516081914573	0.0175282	3e-05
-0.189	-0.1529	-1.01	0.008124507668033604	-0.005408775351930427	-0.0007504915783575615	1.12267292	35.96665955	0.94817653	0.04927807048071257	0.0177233	3e-05
-0.1889	-0.1814	-1.021	0.008658578419143869	-0.005494296485278149	-0.0007243116395776468	1.16435885	37.30213547	0.95160926	0.07188859116189501	0.017156	5e-05
-0.192	-0.1851	-1.0262	0.008663814406899851	-0.005674065398233566	-0.0007033676885537148	1.10366797	35.35780716	0.91201537	0.022297442586766594	0.017206	7e-05
-0.1987	-0.1528	-0.9766	0.007942993425826193	-0.005457644570986268	-0.0008360127117052838	1.06817937	34.22087097	0.91824315	0.1420943415736262	0.0203414	0.00012
-0.1979	-0.1788	-0.976	0.007892378877518359	-0.005518731094806069	-0.0008621926504851988	1.1662941	37.36413574	0.96036402	0.03429405054537754	0.0201398	6e-05
-0.1927	-0.2027	-1.0069	0.008580038602804124	-0.005496041814530144	-0.0007347836150896127	1.14808428	36.78075409	0.94888488	0.10188790204786376	0.0180493	3e-05
-0.1915	-0.1793	-0.9775	0.00840550567760469	-0.005359906132874586	-0.0007138396640656808	1.06297886	34.05426407	0.94094713	0.07058062789394612	0.0189775	1e-05
-0.2019	-0.1235	-0.9113	0.007358308126408092	-0.005424483315198376	-0.0008517206749732328	1.17972684	37.79447556	1.00670755	0.194882787221397	0.0224381	6e-05
-0.2027	-0.1698	-0.9591	0.007840018999958528	-0.005527457741066041	-0.0008220500776893293	1.15992475	37.16008377	0.965725	0.1256177948351002	0.0194811	3e-05
-0.1981	-0.1632	-0.9916	0.008051203839449843	-0.005651376117957638	-0.0006789330790257941	1.06685603	34.17847443	0.92847577	0.0676110107523224	0.0177038	3e-05
-0.2048	-0.1289	-0.9315	0.0072850042978243315	-0.005492551156026155	-0.0007958701389094143	1.00949764	32.34090424	0.92389608	0.15319807817203082	0.0211063	3e-05
-0.2058	-0.139	-0.9452	0.007503170454323623	-0.005471607205002223	-0.0008063421144213803	1.15413857	36.97471237	0.94317451	0.03727910415175952	0.0203255	2e-05
-0.2018	-0.1952	-0.9804	0.008225736764649274	-0.00545415391248228	-0.0007504915783575615	1.14141607	36.56712723	0.96900827	0.1351935069454707	0.0182567	0.0
-0.1986	-0.1889	-0.9655	0.008255407361933179	-0.005450663253978291	-0.0007138396640656808	1.19171321	38.17847824	0.94223864	0.02789065850398876	0.0192387	5e-05
-0.2005	-0.139	-0.9337	0.007553785002631459	-0.005412266010434416	-0.0006440264939859076	1.06949329	34.26296234	0.96626195	0.12409163864626847	0.0210789	2e-05
-0.1933	-0.212	-1.0429	0.009100146719898434	-0.005633922825437696	-0.0005044001538263612	1.14473212	36.67336273	1.01470747	0.28478224362149	0.0155803	1e-05
-0.1932	-0.2058	-1.0403	0.009196139828758124	-0.005569345643113905	-0.0006108652381980154	1.11029351	35.57006454	0.95985694	0.02225176877775665	0.0167292	5e-05
-0.1992	-0.1671	-0.9959	0.007983135998622064	-0.005621705520673735	-0.0006684611035138282	1.16313481	37.26292419	0.98898816	0.15524797865058512	0.0186267	0.0001
-0.1911	-0.2239	-1.0833	0.008831366015091307	-0.005733406592801372	-0.0005096361415823442	1.14769292	36.76821518	0.98375343	0.20823780252641808	0.0161185	0.00013
-0.1904	-0.1383	-1.0674	0.00942477796076938	-0.005511749777798093	-0.0005340707511102648	1.21442795	38.90618134	1.03865796	0.14417516851046358	0.0174527	7e-05
-0.1894	-0.15	-1.0558	0.008709192967451705	-0.005260422365510909	-0.0006562437987498679	1.23272407	39.49232864	1.0310836	0.07875427266222294	0.0184556	8e-05
-0.2055	-0.231	-1.0901	0.009042550854582622	-0.005771803836345247	-0.0006963863715457374	1.21429431	38.90190125	0.99712419	0.1756440965380562	0.0157419	7e-05
-0.2137	-0.2062	-1.0702	0.008927359123950995	-0.0055920349233898325	-0.0007173303225696694	1.07869029	34.55760574	0.9370516	0.06869522973054873	0.0157667	3e-05
-0.2182	-0.1774	-1.0366	0.008607963870836035	-0.005448917924726297	-0.0008499753457212384	1.21649158	38.97229385	0.95901013	0.09665786374650333	0.0179389	8e-05
-0.2145	-0.229	-1.0903	0.009393362034233481	-0.005653121447209634	-0.0007731808586334879	1.14520276	36.68843842	0.97600318	0.1623198086484268	0.0153465	3e-05
-0.1965	-0.1925	-1.0801	0.009213593121278065	-0.005345943498858631	-0.0005550147021341969	1.1557858	37.02748489	0.94092454	0.09995565089028545	0.016337	0.00017
-0.1812	-0.1837	-1.0772	0.009416051314509406	-0.0051731559029111925	-0.0004747295565424576	1.23320234	39.50764847	0.98431296	0.04977654673852611	0.0161439	0.00018
-0.1787	-0.2441	-1.1992	0.010320131867042472	-0.005551892350593962	-0.00041538836197465044	1.31456828	42.11434174	1.05785496	0.25200790973918225	0.0124133	5e-05
-0.1783	-0.1696	-1.1172	0.00951728041112508	-0.005433209961458348	-0.00046425758103049166	1.16586924	37.3505249	0.99210679	0.2054201532054425	0.013421	8e-05
-0.1791	-0.1715	-1.1649	0.009608037532228783	-0.0055920349233898325	-0.0005218534463463045	1.15474021	36.99398804	1.00395994	0.06575889741755016	0.0131028	7e-05
-0.1761	-0.2378	-1.2514	0.010695377656221252	-0.005705481324769463	-0.000439822971502571	1.15164006	36.89466858	0.99398674	0.2199408500107916	0.0118459	3e-05
-0.1897	-0.1848	-1.1986	0.009688322677820525	-0.005731661263549379	-0.0005742133239061344	1.09683645	35.13894653	0.96758037	0.1777812634792103	0.012699	3e-05
-0.19	-0.228	-1.2624	0.010428342280666119	-0.005761331860833282	-0.0005393067388662478	1.20074439	38.46780777	0.97371056	0.14752983925846908	0.0130714	5e-05
-0.1857	-0.2651	-1.2903	0.010800097411340913	-0.005777039824101231	-0.0004956735075663896	1.0454272	33.49196625	0.92967913	0.09085481626213009	0.0129753	3e-05
-0.1876	-0.2104	-1.2344	0.009726719921364398	-0.0056810467152415434	-0.0005672320068981572	1.0610491	33.99243927	0.9635771	0.17454645490839854	0.0132527	7e-05
-0.1831	-0.2642	-1.2874	0.010629055144645468	-0.005843362335677014	-0.0004921828490624009	1.12451291	36.02560806	0.98567016	0.168285000077615	0.0125281	0.00016
-0.1824	-0.2365	-1.2691	0.010649999095669398	-0.00585732496969297	-0.00048171087355043494	1.09753335	35.16127396	0.93817492	0.0489689280275928	0.0120362	4e-05
-0.191	-0.1794	-1.1946	0.009569640288684908	-0.005895722213236845	-0.0005619960191421741	1.0821048	34.66699219	0.96945037	0.20015205980600492	0.0125771	3e-05
-0.181	-0.2499	-1.2681	0.010752973521537063	-0.005911430176504794	-0.00048171087355043494	1.15799379	37.09822083	0.98015472	0.217966317085592	0.0116508	3e-05
-0.1782	-0.2428	-1.2624	0.010950195727012422	-0.005860815628196958	-0.0003944444109507184	1.09530854	35.08999634	0.93896639	0.03235516081914564	0.0113304	0.0
-0.1855	-0.187	-1.1993	0.00997804733365158	-0.005789257128865191	-0.0005305800926062762	1.12137675	35.92513657	0.98357516	0.18519212871740817	0.0117704	3e-05
-0.1823	-0.2578	-1.2473	0.01077915346031698	-0.005852088981936987	-0.0005078908123303499	1.10568321	35.4223671	0.96446065	0.16633136300065612	0.0108442	3e-05
-0.1847	-0.2481	-1.249	0.010892599861696611	-0.005904448859496816	-0.00041713369122664475	1.03594649	33.18823624	0.92988189	0.0266281700021583	0.0107167	1e-05
-0.1918	-0.2061	-1.2038	0.00988379955404389	-0.005852088981936987	-0.000450294947014537	1.00322795	32.14004517	0.89779789	0.1490160720500223	0.0118243	1e-05
-0.1813	-0.2473	-1.2874	0.010765190826301025	-0.0060685098091842835	-0.00023911010752322313	1.10455263	35.38614655	0.92244988	0.20074984694978745	0.0117187	3e-05
-0.1858	-0.2349	-1.2598	0.011152653920243765	-0.006052801845916334	-0.000312413936106985	1.0880295	34.85680008	0.95451217	0.06832374428972263	0.0113911	1e-05
-0.1856	-0.2101	-1.2173	0.010662216400433359	-0.0059690260418206065	-0.00048520153205442357	1.13049448	36.21723557	0.97759704	0.1048500459926786	0.0119755	1e-05
-0.1778	-0.2824	-1.2905	0.01138478271075901	-0.006120869686744114	-0.0003874630939427412	1.21504569	38.92597198	0.98318706	0.20190741966804196	0.0109838	3e-05
-0.1814	-0.2217	-1.2573	0.010934487763744474	-0.0060685098091842835	-0.0004380776422505767	1.07121348	34.31807327	0.95196475	0.12516346864411	0.0106608	0.0
-0.1876	-0.1952	-1.2387	0.010508627426257857	-0.006021385919380436	-0.0005567600313861911	1.15774059	37.09011078	0.95370035	0.08088333082130408	0.0113322	2e-05
-0.1839	-0.2668	-1.3174	0.011353366784223114	-0.006192428186075881	-0.0004380776422505767	1.12986398	36.19703674	0.9821185	0.21072320068981573	0.0110098	2e-05
-0.1889	-0.2228	-1.28	0.010733774899765127	-0.006133086991508073	-0.0005096361415823442	1.07016432	34.28446198	0.91236781	0.123924578917878	0.0113432	3e-05
-0.1943	-0.2293	-1.2791	0.01054178868204575	-0.006155776271784001	-0.0006038839211900379	1.13826036	36.46603012	0.92029219	0.028246163880150048	0.0117635	3e-05
-0.1888	-0.2891	-1.3245	0.011365584088987073	-0.006250024051391693	-0.0004799655442984406	1.10461128	35.38802719	0.94966929	0.1627980781720308	0.0118477	3e-05
-0.1855	-0.2519	-1.2855	0.010838494654884786	-0.00613134166225608	-0.0005061454830783556	1.03032339	33.00809097	0.92081516	0.11309758810089066	0.0117806	3e-05
-0.1889	-0.2308	-1.2658	0.010639527120157432	-0.006127851003752092	-0.0005637413483941684	1.0560106	33.83102417	0.93378142	0.05720270292735784	0.0119445	0.0
-0.1807	-0.2824	-1.305	0.011568042282218416	-0.006120869686744114	-0.0004415683007545654	1.08928204	34.89692688	0.95623214	0.15188347633542812	0.0122349	1e-05
-0.1813	-0.23	-1.2766	0.011173597871267697	-0.0060685098091842835	-0.0004939281783143952	1.20176303	38.5004425	0.95819326	0.10635820830351889	0.0117849	0.0
-0.1922	-0.2017	-1.2214	0.010487683475233926	-0.006213372137099812	-0.0006422811647339132	1.14058459	36.5404892	0.96859052	0.14335648551844085	0.0117229	1e-05
-0.1829	-0.2467	-1.28	0.011351621454971119	-0.00618370153981591	-0.00046425758103049166	1.04305041	33.41582108	0.94139724	0.16648160803622583	0.0111384	1e-05
-0.176	-0.2551	-1.2666	0.011592476891746337	-0.0062186081248557954	-0.0003787364476827695	1.0183295	32.62384796	0.93697431	0.0467641577581414	0.011325	2e-05
-0.1778	-0.2095	-1.212	0.010910053154216554	-0.006073745796940267	-0.0005009094953223725	1.13508058	36.36415863	0.98677424	0.14947295565424576	0.0115292	2e-05
-0.1753	-0.2813	-1.3159	0.011761773829189788	-0.0062447880636357115	-0.0004049163864626844	1.142259	36.59413147	1.00265037	0.23413780252641844	0.0114173	2e-05
-0.1825	-0.2401	-1.286	0.011379546723003028	-0.006291911953439557	-0.0005148721293383271	1.10631192	35.4425087	0.96341826	0.1052653369433124	0.0111086	3e-05
-0.1916	-0.2148	-1.2558	0.010677924363701307	-0.006304129258203518	-0.0006108652381980154	1.1147306	35.71221542	0.96491948	0.10509163864626853	0.0109616	2e-05
-0.1804	-0.2839	-1.3509	0.01171464993938594	-0.006363470452771325	-0.0004537856055185257	1.15066314	36.8633728	0.9933386	0.23805732014659645	0.0118893	3e-05
-0.1865	-0.2382	-1.2988	0.010971139678036356	-0.006382669074543263	-0.0005532693728822024	1.13311958	36.30133438	0.96843587	0.14700963252425991	0.0115187	1e-05
-0.1911	-0.2096	-1.2907	0.010766936155553018	-0.006466444878638991	-0.0006370451769779302	1.11704397	35.78632736	0.97096556	0.05988775653373965	0.01166	4e-05
-0.1877	-0.2885	-1.3467	0.01163087413529021	-0.006424556976591126	-0.0005113814708343385	1.11002707	35.56153107	0.97940842	0.1898744793964324	0.0118588	2e-05
-0.1932	-0.2353	-1.3041	0.011018263567840202	-0.0063948863793072235	-0.000598647933434055	1.11814427	35.82157898	0.95979912	0.13777738136668133	0.0117075	3e-05
-0.2003	-0.2237	-1.2856	0.010817550703860854	-0.0064071036840711824	-0.0007155849933176752	1.18914485	38.09619522	0.96225381	0.053693361431346336	0.0128745	3e-05
-0.1972	-0.2704	-1.3118	0.011271336309379381	-0.006426302305843123	-0.0006422811647339132	1.0409714	33.34921646	0.91906558	0.10331440279371149	0.0125151	3e-05
-0.1949	-0.2476	-1.2941	0.011040952848116129	-0.006485643500410928	-0.0005724679946541401	0.95963341	30.74342346	0.89173748	0.06077689129554157	0.0128258	4e-05
-0.191	-0.2196	-1.2769	0.010353293122830362	-0.006579891280018623	-0.0006387905062299246	1.1218636	35.94073105	0.97478179	0.09151150082346243	0.0130594	6e-05
-0.1764	-0.2869	-1.3961	0.011098548713431942	-0.006649704450098395	-0.0004991641660703782	1.21881533	39.04673767	1.03151041	0.24883475504204491	0.0139041	3e-05
-0.1827	-0.237	-1.3489	0.01096066770252439	-0.006640977803838424	-0.0005602506898901797	1.11845303	35.83147049	0.96750156	0.11378470904936613	0.0125844	5e-05
-0.1868	-0.1971	-1.3089	0.010262536001726656	-0.006511823439190843	-0.0006719517620178169	1.14749217	36.7617836	0.98804613	0.1309493568786476	0.0124888	3e-05
-0.1796	-0.2732	-1.3714	0.010861183935160713	-0.00653102206096278	-0.0006178465552059926	1.12915564	36.17434311	0.98875588	0.17939758810089085	0.012437	3e-05
-0.1732	-0.2559	-1.3823	0.011161380566503737	-0.0064280476350951155	-0.0005375614096142535	0.97969556	31.38614655	0.89022984	0.05877281014012151	0.0127527	2e-05
-0.1847	-0.2068	-1.3218	0.010100220381291184	-0.006455972903127025	-0.0006492624817418905	1.04700673	33.54256821	0.90716536	0.18113932626860496	0.0130145	9e-05
-0.1867	-0.257	-1.377	0.010904817166460572	-0.006590363255530588	-0.0006387905062299246	1.24783766	39.97651672	0.95867973	0.15487295565424572	0.0139304	6e-05
-0.1859	-0.2877	-1.3856	0.011423179954302887	-0.006562437987498679	-0.0005410520681182421	1.12286043	35.97266769	0.93391998	0.07230132469929526	0.0141262	3e-05
-0.1932	-0.2247	-1.3147	0.010372491744602301	-0.006544984694978735	-0.0006510078109938849	1.05151248	33.68692017	0.96655303	0.20010486225480856	0.0127377	3e-05
-0.1875	-0.2688	-1.3607	0.011239920382843481	-0.006543239365726741	-0.0006056292504420323	1.13252759	36.28237152	0.95186055	0.1415276264022514	0.0131882	2e-05
-0.1834	-0.265	-1.3456	0.011479030490366705	-0.006468190207890985	-0.0005550147021341969	1.07592666	34.46906662	0.92339548	0.04123869068334081	0.0127375	2e-05
-0.1836	-0.2118	-1.2972	0.011107275359691913	-0.006499606134426883	-0.0005166174585903216	1.05230486	33.71230316	0.94230747	0.12387841503772824	0.0120777	3e-05
-0.1819	-0.2454	-1.3288	0.011026990214100174	-0.0064053583548191895	-0.0005131268000863328	1.14051223	36.53816986	0.97572664	0.07580117918517117	0.0124215	3e-05
-0.1585	-0.313	-1.4473	0.011575023599226393	-0.006702064327658226	-0.00029845130209103034	1.22832394	39.35136414	1.01771585	0.26247074279802796	0.0163206	1e-05
-0.1761	-0.2536	-1.3544	0.010899581178704588	-0.006611307206554521	-0.00040317105721069014	1.10713053	35.46873474	0.98370986	0.21344596483725845	0.0122882	3e-05
-0.1739	-0.2618	-1.3944	0.011424925283554882	-0.006515314097694833	-0.00041538836197465044	1.11096191	35.59148026	0.95194499	0.08207772592369715	0.0128713	2e-05
-0.1727	-0.3041	-1.4342	0.012150982252384522	-0.006551966011986713	-0.00038048177693476387	1.06441343	34.10022354	0.93853074	0.12318077340807024	0.0135026	1e-05
-0.1816	-0.2365	-1.3808	0.011205013797803597	-0.006539748707222752	-0.0004485496177625427	1.07612967	34.47557068	0.95348062	0.1812126800086332	0.0127977	1e-05
-0.1825	-0.2604	-1.4098	0.011355112113475108	-0.006578145950766627	-0.0005340707511102648	1.21905172	39.05431366	0.9522834	0.06750083462815534	0.013629	1e-05
-0.1794	-0.3044	-1.4289	0.0120654611190368	-0.006558947328994691	-0.0004485496177625427	1.05224514	33.710392	0.94368114	0.10695343803406764	0.0142273	2e-05
-0.1877	-0.2386	-1.3903	0.011433651929814853	-0.0065833819385226105	-0.0005131268000863328	1.01229715	32.43059158	0.92272702	0.14874104905368285	0.0137705	4e-05
-0.1873	-0.2717	-1.4082	0.011526154380170553	-0.006592108584782582	-0.0005480333851262194	1.12888837	36.16578293	0.92681378	0.058206784082777706	0.0147624	4e-05
-0.1781	-0.299	-1.4114	0.0120654611190368	-0.0066043258895465435	-0.0004537856055185257	1.04863548	33.59474945	0.93363301	0.07198859116189521	0.0152389	2e-05
-0.1773	-0.2747	-1.4046	0.011869984242813434	-0.0065327673902147755	-0.0005009094953223725	1.08985221	34.91519547	0.93119798	0.04760796326794896	0.0146791	1e-05
-0.1843	-0.2424	-1.3625	0.011267845650875392	-0.006464699549386996	-0.0005567600313861911	1.12212765	35.94919205	0.95627194	0.117702848441482	0.0135602	1e-05
-0.1744	-0.3046	-1.4444	0.0120654611190368	-0.0066043258895465435	-0.00047822021504644627	1.09882784	35.20274353	0.96326667	0.20478908123303488	0.01589	3e-05
-0.1757	-0.2962	-1.4203	0.012091641057816713	-0.006663667084114349	-0.0004363323129985824	1.07386303	34.4029541	0.91933596	0.04017045176977906	0.0150844	0.0
-0.1859	-0.2314	-1.3747	0.011454595880838784	-0.006620033852814493	-0.0005113814708343385	1.08076227	34.62398529	0.9459098	0.15838637830567703	0.0139576	1e-05
-0.1842	-0.2831	-1.392	0.0117879537679697	-0.006679375047382299	-0.00045902159327450867	1.09931791	35.21844482	0.9296898	0.09295294796292755	0.0142349	1e-05
-0.1747	-0.2618	-1.3744	0.011669271378834088	-0.006620033852814493	-0.00032463124087094524	1.00832498	32.3033371	0.92156391	0.06402069680534903	0.0142715	2e-05
-0.1837	-0.2416	-1.3708	0.011547098331194484	-0.006602580560294549	-0.00035081117965086024	1.19261992	38.20752716	1.02100527	0.04109031394697314	0.0139892	1e-05
-0.1723	-0.3187	-1.4495	0.011723376585645911	-0.0067648961807300215	-0.000296705972839036	1.22995365	39.40357208	1.0172692	0.18683495408493617	0.0168927	6e-05
-0.1665	-0.3037	-1.4483	0.0120654611190368	-0.006812020070533868	-0.0002251474735072685	1.07710731	34.50688934	0.95325717	0.04503834612632525	0.0157002	2e-05
-0.1729	-0.2163	-1.3974	0.011379546723003028	-0.006578145950766627	-0.000291469985083053	1.11296225	35.65556335	1.00873098	0.19400555136883985	0.0138124	3e-05
-0.1742	-0.2813	-1.4414	0.01201659189998096	-0.006593853914034577	-0.00030368728984701333	1.09391475	35.04534531	0.99105319	0.1435485222504921	0.0143282	4e-05
-0.1738	-0.2866	-1.4413	0.01269028899125077	-0.0066374871453344355	-0.0002495820830351891	1.05772746	33.88602448	0.95618177	0.04437177646907464	0.0145906	3e-05
-0.1814	-0.2279	-1.377	0.011735593890409872	-0.006522295414702809	-0.00037350045992678646	1.14335501	36.62924576	0.96843868	0.19029026041820613	0.0133155	2e-05
-0.1758	-0.2993	-1.4226	0.012459905529987518	-0.006613052535806515	-0.0003612831551628262	1.267488	40.60604858	0.98379622	0.1639643032722657	0.0149158	3e-05
-0.1747	-0.3045	-1.438	0.012718214259282679	-0.006646213791594407	-0.0002844886680750757	1.08951056	34.9042511	0.89908617	0.04011322360854005	0.0156396	5e-05
-0.1838	-0.2472	-1.3813	0.01163087413529021	-0.006653195108602383	-0.0003892084231947355	1.03232324	33.07215881	0.92637093	0.18305205980600517	0.0148106	0.00022
-0.1772	-0.2904	-1.4118	0.012213814105456317	-0.006609561877302526	-0.0003700098014227979	1.15275311	36.93032837	0.95990897	0.112588591161895	0.0159689	0.00022
-0.1673	-0.3179	-1.4505	0.01289972850149009	-0.006585127267774605	-0.00026354471705114377	1.13015914	36.20649338	0.94420852	0.11694070449666732	0.0172547	0.0001
-0.1747	-0.2683	-1.3913	0.012020082558484945	-0.006548475353482724	-0.0003385938748868999	1.05689442	33.85933685	0.92819514	0.16576735075663904	0.0152689	3e-05
-0.1826	-0.2665	-1.3845	0.012098622374824694	-0.0066217791820664855	-0.00041189770347066176	1.0817908	34.65693283	0.91664665	0.027757373675363496	0.015659	3e-05
-0.1764	-0.2866	-1.3887	0.012500048102783386	-0.006518804756198821	-0.0002670353755551324	1.03731108	33.23195267	0.91923663	0.06296312408709429	0.0157862	1e-05
-0.1591	-0.2907	-1.4285	0.013006193585861742	-0.00628493063643158	0.0001186823891356144	1.01880586	32.63911057	0.93980046	0.11748686837681724	0.0175184	2e-05
-0.1684	-0.3287	-1.4547	0.013236577047124996	-0.00616799357654796	-0.00014137166941154068	1.21383047	38.88703918	0.99324088	0.10386872898470147	0.0185634	6e-05
-0.1619	-0.3771	-1.5102	0.013624040141067736	-0.006333799855487422	-0.00012042771838760874	1.264377	40.50638199	0.9912613	0.13911066619530663	0.0229486	0.00048
-0.1606	-0.3103	-1.5285	0.013018410890625703	-0.007201228493728604	-4.0142572795869576e-05	1.12810814	36.14078522	1.06688587	0.16406715171374764	0.0234907	0.00033
-0.0872	-0.379	-2.4307	0.011623892818282234	-0.007393214711447979	-0.00017627825445142725	3.24605632	103.99271393	3.25455781	1.13043199858592	0.14286	0.04049
-0.106	-0.2319	-2.3271	0.012875293891962169	-0.0071087260433729035	-3.316125578789226e-05	1.83718789	58.85731506	1.87614811	0.353450337020927	0.120575	0.0197
-0.0962	-0.1586	-2.3095	0.013030628195389665	-0.006674139059626316	0.00013788101090755203	1.34726071	43.16169739	1.13789255	0.13874817769347672	0.114947	0.01564
-0.0873	-0.226	-2.3437	0.01333082482673269	-0.0058800142499688965	0.0001937315469713706	1.2297039	39.39557266	1.093795	0.1680085988532134	0.116399	0.01404
-0.071	-0.314	-2.3521	0.01300095759810576	-0.00585732496969297	0.00023387411976724014	1.19468319	38.27362823	1.02971946	0.13233495408493634	0.119343	0.01472
-0.0643	-0.3737	-2.4076	0.013651965409099647	-0.005972516700324595	0.00034906585039886593	1.18097627	37.83450317	0.94785807	0.16596956361285675	0.124296	0.01622
-0.0617	-0.3634	-2.4025	0.013463469849884255	-0.005976007358828583	0.0003700098014227979	0.97663814	31.28819656	0.86762728	0.028646508437165662	0.123759	0.01689
-0.0687	-0.3522	-2.4001	0.012821188685150345	-0.0060964350772161925	0.0003612831551628262	0.98042351	31.4094677	0.9172708	0.059171776469074275	0.12718	0.01952
-0.0701	-0.3532	-2.4122	0.012917181794010031	-0.006087708430956222	0.0003438298626428829	1.03896832	33.28504562	0.91131986	0.02060865238197977	0.12809	0.02102
-0.0734	-0.2995	-2.3789	0.012768828807590515	-0.006021385919380436	0.0002722713633111154	0.97146082	31.12233353	0.93082688	0.10461169986635364	0.123696	0.01957
-0.0825	-0.2572	-2.3467	0.01226791931226814	-0.00605105651666434	0.0001361356816555577	1.03456759	33.14406204	0.9551203	0.1169357887130918	0.119974	0.01904
-0.0689	-0.2861	-2.4506	0.012508774749043359	-0.006351253148007365	0.000317649923862968	1.1160624	35.75488281	1.05435218	0.18252831551628304	0.136614	0.02963
-0.0628	-0.3157	-2.4723	0.012590805223887095	-0.00603883921190038	0.00041015237421866745	1.14239538	36.5984993	0.97768816	0.08174734306532105	0.139547	0.03178
-0.0636	-0.2102	-2.4674	0.012801990063378408	-0.0060911990894602095	0.00039269908169872416	1.18469167	37.95353317	1.03422534	0.1252499004785544	0.138478	0.03174
-0.0729	-0.1838	-2.3824	0.01202182788773694	-0.00597775268808058	0.00022863813201125715	1.17610013	37.67828751	1.05641028	0.1735834763354282	0.12737	0.02549
-0.0728	-0.2956	-2.452	0.012627457138178975	-0.005958554066308641	0.0002495820830351891	1.14665556	36.73498154	1.04077836	0.2137885911618952	0.133995	0.02783
-0.0676	-0.2984	-2.4807	0.012897983172238095	-0.00597775268808058	0.00024609142453120044	1.02117455	32.71499252	0.92916327	0.05136076571675257	0.137393	0.02881
-0.0726	-0.3027	-2.4752	0.01275835683207855	-0.006028367236388414	0.0002565634000431664	0.97844839	31.34619141	0.90197844	0.02483564319896734	0.136206	0.02784
-0.0791	-0.287	-2.4632	0.01217018087415646	-0.0059690260418206065	0.00021118483949131387	0.91978455	29.46679878	0.87665662	0.06884478565208757	0.13622	0.02903
-0.075	-0.302	-2.4849	0.012030554533996913	-0.005827654372409066	0.00017278759594743863	0.92813295	29.73425484	0.88240268	0.05676976265574819	0.139999	0.03218
-0.0758	-0.2718	-2.4573	0.011735593890409872	-0.005684537373745532	0.00013439035240356338	0.89109266	28.54760742	0.87375589	0.08242374428972264	0.136399	0.03107
-0.0865	-0.2401	-2.4359	0.011700687305369984	-0.005803219762881146	-1.7453292519943294e-06	0.97462851	31.22381592	0.92330799	0.07828623279155282	0.133381	0.03016
-0.0856	-0.2798	-2.4835	0.012541936004831252	-0.005920156822764766	2.792526803190927e-05	1.03023124	33.0051384	0.947391	0.13759281783143917	0.13927	0.03123
-0.0832	-0.2565	-2.4901	0.012486085468767434	-0.005914920835008782	2.4434609527920616e-05	1.08845413	34.87040329	0.94528098	0.03552885911618968	0.141859	0.03375
-0.0897	-0.2046	-2.4684	0.011674507366590071	-0.005777039824101231	-0.00012042771838760874	1.04978633	33.6316185	0.97483543	0.1348160720500222	0.139589	0.0351
-0.094	-0.2494	-2.473	0.011321950857687215	-0.005804965092133139	-0.00018675022996339323	1.04509306	33.48126221	0.9663112	0.07604021442552737	0.14049	0.03584
-0.0867	-0.2547	-2.5034	0.011725121914897906	-0.0057264252757933945	-8.203047484373349e-05	0.95120662	30.47345734	0.91338545	0.0723215314335049	0.143571	0.03678
-0.0905	-0.2453	-2.4804	0.011540117014186509	-0.005757841202329294	-4.886921905584123e-05	0.97438866	31.21613121	0.90555849	0.048679104151759536	0.139947	0.03491
-0.1005	-0.2551	-2.4683	0.011449359893082803	-0.005850343652684992	-0.00012042771838760874	1.03329349	33.10324478	0.91632823	0.044640903539558366	0.138387	0.03339
-0.1027	-0.2602	-2.487	0.011302752235915276	-0.006213372137099812	2.6179938779914945e-05	0.9224177	29.551157	0.88237614	0.058812189937493486	0.143148	0.03572
-0.1019	-0.2164	-2.4678	0.012477358822507462	-0.0059027035302448225	0.0001884955592153876	1.05189407	33.69914246	1.01100989	0.14617954069413253	0.136796	0.03024
-0.1065	-0.2794	-2.5159	0.012571606602115157	-0.006115633698988131	0.00015184364492350666	1.16168714	37.2165451	1.03316563	0.132891493132144	0.144588	0.03429
-0.0961	-0.314	-2.525	0.01308996938995747	-0.006408849013323179	0.00026354471705114377	1.2649225	40.52385712	0.99188384	0.10026395871525004	0.144906	0.03456
-0.1009	-0.2522	-2.4948	0.012796754075622424	-0.006321582550723462	0.00011170107212763708	1.12552273	36.0579567	1.02696662	0.12341627109291332	0.139937	0.03294
-0.1011	-0.1961	-2.5036	0.012142255606124551	-0.00617148423505195	5.061454830783555e-05	1.11028945	35.56993484	1.02384282	0.1083841654494592	0.142772	0.03825
-0.0925	-0.2806	-2.5517	0.012447688225223557	-0.006141813637768045	0.00013439035240356338	1.06340194	34.06781769	0.99995249	0.16214395102393173	0.148201	0.04042
-0.0843	-0.2301	-2.5403	0.012081169082304749	-0.006016149931624455	0.00017278759594743863	1.0403682	33.32989502	0.94195794	0.09662900463031376	0.147833	0.04056
-0.0838	-0.1953	-2.5093	0.011185815176031658	-0.005619960191421741	9.42477796076938e-05	1.09882474	35.20264435	0.91945726	0.1348041731407772	0.145734	0.04153
-0.0846	-0.2488	-2.5475	0.011805407060489645	-0.005701990666265475	9.599310885968811e-05	1.09430826	35.05795288	0.98032367	0.12766838442768555	0.150586	0.04208
-0.0866	-0.2567	-2.5535	0.012486085468767434	-0.0059358647860327145	9.948376736367679e-05	1.01071608	32.37994003	0.9467823	0.06180215932745109	0.150568	0.03919
-0.0959	-0.2225	-2.4966	0.01140398133253095	-0.005797983775125162	-6.45771823237902e-05	1.01436245	32.49675751	0.94798741	0.16960230484157535	0.144886	0.03766
-0.0891	-0.285	-2.5547	0.012329005836087944	-0.005956808737056647	-4.537856055185256e-05	1.05453491	33.78374863	0.97867777	0.1825524043630209	0.151981	0.04022
-0.0821	-0.281	-2.5672	0.01267807168648681	-0.006000441968356505	6.981317007977319e-05	1.03234231	33.07277298	0.89678986	0.048894540616517566	0.153368	0.04111
-0.0886	-0.2186	-2.4813	0.011430161271310866	-0.005845107664929009	-1.7453292519943296e-05	1.0586102	33.91430664	0.97804704	0.2293255590601579	0.143415	0.03719
-0.0839	-0.2465	-2.5189	0.011777481792457734	-0.005799729104377157	-2.6179938779914945e-05	1.0522778	33.71143723	0.9475885	0.09027128639793448	0.148927	0.0402
-0.0831	-0.2653	-2.5369	0.011849040291789504	-0.005965535383316617	2.094395102393195e-05	1.07245231	34.35776138	0.93219309	0.051824433403754075	0.151573	0.04262
-0.0907	-0.2234	-2.5206	0.011459831868594766	-0.005955063407804653	-2.268928027592628e-05	0.99370569	31.83498383	0.90785952	0.08796568150032824	0.149378	0.04293
-0.0975	-0.2185	-2.5104	0.011440633246822828	-0.0060405845411523745	-7.67944870877505e-05	1.04978633	33.6316185	0.92810078	0.029841248096573923	0.148359	0.04114
-0.0984	-0.2516	-2.5267	0.011999138607461015	-0.00613134166225608	-7.67944870877505e-05	1.01560521	32.5365715	0.93147027	0.08276312408709437	0.148616	0.04066
-0.0971	-0.2297	-2.525	0.011869984242813434	-0.00616799357654796	5.585053606381854e-05	0.93387014	29.91805458	0.87514644	0.0398225651045515	0.148862	0.04187
-0.1006	-0.2073	-2.4961	0.011636110123046195	-0.005963790054064624	-1.0471975511965975e-05	1.0044409	32.17890549	0.94822769	0.08002000769131763	0.14458	0.03905
-0.0942	-0.3227	-2.554	0.012941616403537954	-0.006265732014659643	5.585053606381854e-05	1.18618631	38.00141525	1.16131162	0.2633885376331277	0.151233	0.04093
-0.0861	-0.2901	-2.5501	0.012756611502826556	-0.0063006385996995295	0.000148352986419518	2.02259111	64.7970047	2.13872408	0.060220696805349	0.165273	0.07472
-0.1101	-0.1955	-1.989	0.013856168931582983	-0.005445427266222308	0.00041015237421866745	2.8457129	91.16706085	3.17684455	0.79052840750164	0.0752199	0.01027
-0.121	-0.3889	-1.7754	0.015449654538653804	-0.0054768431927582064	0.00032637657012293966	1.58282065	50.70824432	1.6316115	0.5033338668851224	0.0418206	0.00059
-0.125	-0.3737	-1.547	0.015742869852988853	-0.005059709501531561	0.00032637657012293966	1.45103645	46.4863205	1.34407608	0.28311745027808494	0.0302579	0.00055
-0.1361	-0.3182	-1.2649	0.01539554933184198	-0.004646066468808905	0.0002530727415391778	1.62584054	52.0864563	1.45089398	0.3904133691226645	0.020848	0.0018
-0.1261	-0.4805	-1.3585	0.015402530648849957	-0.005002113636215748	0.0003700098014227979	1.2378304	39.65591812	1.17087572	0.2898982772149222	0.0211539	0.00097
-0.1203	-0.47	-1.355	0.015123277968530868	-0.004858996637552213	0.00047123889803846896	1.03513646	33.16228485	0.92941618	0.04597993877991485	0.0194775	0.00068
-0.1358	-0.3772	-1.2943	0.014259339988793671	-0.0048939032225921	0.0004328416544945937	1.14568698	36.70395279	0.93989806	0.21586209041604784	0.0170788	0.00024
-0.1474	-0.3949	-1.3367	0.014196508135721876	-0.0055431657043339905	0.0005445427266222308	1.05303383	33.73565674	0.94240898	0.11288977034706613	0.0179786	0.00029
-0.1335	-0.4047	-1.6762	0.014652039070492397	-0.005972516700324595	0.0004974188368183839	1.56157649	50.02765274	1.40021099	0.40980029102824866	0.0330009	0.00014
-0.1259	-0.3239	-1.6949	0.013688617323391526	-0.005763077190085277	0.0004363323129985824	1.2140373	38.89366531	1.07626552	0.1687973890579997	0.0326394	7e-05
-0.1091	-0.3638	-1.7646	0.01345997919138027	-0.00597426202957659	0.0005532693728822024	1.27073479	40.71006393	1.023213	0.1542380015693093	0.0395258	0.0001
-0.1074	-0.3197	-1.7882	0.013873622224102926	-0.005768313177841259	0.0005462880558742252	1.094015	35.04855728	0.97267323	0.1007286600732983	0.0397504	0.0001
-0.1292	-0.2626	-1.7238	0.013555972300239956	-0.005773549165597242	0.0003700098014227979	1.1379503	36.45609665	0.97676385	0.16825820830351906	0.0339582	4e-05
-0.1303	-0.3285	-1.7855	0.013547245653979986	-0.0058416170064250214	0.00032812189937493397	1.22834992	39.35219574	0.98974086	0.13463411945678075	0.0396446	0.0001
-0.1231	-0.377	-1.8267	0.01401324856426247	-0.005949827420048669	0.00041538836197465044	1.04943979	33.62051773	0.95418453	0.12997398932529236	0.0448013	0.0002
-0.13	-0.3583	-1.8109	0.013702579957407481	-0.005958554066308641	0.0003438298626428829	0.95612383	30.63098717	0.90727573	0.06094768762233652	0.0445486	0.00023
-0.1369	-0.3345	-1.7735	0.013126621304249353	-0.0060353485533963915	0.00022863813201125715	1.06580544	34.14481735	0.95063585	0.10649724354387503	0.0417937	0.00024
-0.1274	-0.3947	-1.8074	0.013452997874372293	-0.006085963101704227	0.0002617993877991494	1.13961232	36.50934219	0.96622785	0.12410761871093316	0.0469461	0.00037
-0.1173	-0.3764	-1.819	0.013781119773747226	-0.006016149931624455	0.0003647738136668148	1.09365273	35.03694916	0.92854365	0.06504547476611858	0.0483425	0.00029
-0.1346	-0.3213	-1.7398	0.013390166021300496	-0.00607898178469625	0.00023212879051524583	1.07325983	34.38363266	0.96872872	0.1809215314335046	0.0409347	0.00014
-0.1274	-0.3402	-1.7983	0.013400637996812464	-0.006017895260876448	0.0002303834612632515	1.11922574	35.85622406	0.96155219	0.08826519142918819	0.0466446	0.00019
-0.12	-0.3585	-1.8357	0.01362927612882372	-0.005958554066308641	0.0002652900463031381	1.04695797	33.541008	0.92170551	0.07924429558094753	0.0504974	0.00028
-0.1259	-0.3154	-1.8042	0.013624040141067736	-0.0060301125656404084	0.0002373647782712288	1.07284355	34.37029648	0.94624446	0.08573598775598307	0.0476276	0.00018
-0.1304	-0.2925	-1.8003	0.013173745194053201	-0.006092944418712205	0.0002199114857512855	1.08439159	34.74025345	0.95152662	0.05782900463031376	0.0458187	0.0002
-0.1253	-0.3485	-1.8393	0.013550736312483975	-0.006152285613280011	0.0002548180707911721	1.05235255	33.71383286	0.95194701	0.12366194490192324	0.0493575	0.00022
-0.1268	-0.3246	-1.8493	0.01364498409209167	-0.0062238441126117785	0.0002652900463031381	1.06173635	34.0144577	0.92126347	0.044213912722571386	0.0497105	0.00019
-0.1353	-0.311	-1.8047	0.013079497414445505	-0.006192428186075881	0.00019547687622336493	0.99757779	31.95903206	0.91811417	0.10003578871309178	0.0446078	0.00019
-0.1343	-0.3277	-1.8361	0.012707742283770713	-0.006466444878638991	0.000317649923862968	0.99955374	32.02233505	0.92699858	0.0874972435438753	0.0494338	0.00021
-0.1298	-0.3469	-1.8622	0.013583897568271866	-0.006462954220135002	0.0004363323129985824	1.07002807	34.28009415	0.9554159	0.09971641660703785	0.0505878	0.00024
-0.1343	-0.3087	-1.8271	0.012969541671569863	-0.006319837221471467	0.0003351032163829112	1.12538385	36.05350876	0.9866209	0.1207350995990606	0.0468392	0.00024
-0.1274	-0.3628	-1.8531	0.01313360262125733	-0.0063948863793072235	0.00041713369122664475	1.12773728	36.12890625	0.96035656	0.10305702911834788	0.0480223	0.00017
-0.1171	-0.3368	-1.8888	0.013702579957407481	-0.006314601233715484	0.0005305800926062762	1.06358683	34.07374191	0.95077508	0.1101354441560762	0.0513468	0.00019
-0.1318	-0.2903	-1.8372	0.012870057904206186	-0.006356489135763348	0.0004206243497306334	1.12874544	36.16120148	0.9753058	0.16201828490624015	0.0450916	0.00017
-0.1262	-0.3178	-1.894	0.013149310584525276	-0.0063058745874555126	0.00039269908169872416	1.1142168	35.695755	0.97967245	0.10778962483294172	0.0502939	0.00023
-0.1172	-0.3496	-1.9449	0.013618804153311754	-0.006274458660919614	0.0004677482395344803	1.08842742	34.8695488	0.94923933	0.12049793265790676	0.0553991	0.0003
-0.1274	-0.3058	-1.9049	0.01280722605113439	-0.006227334771115768	0.000317649923862968	1.00172555	32.09191513	0.91348373	0.14444001538263623	0.0517554	0.00016
-0.1183	-0.3108	-1.9243	0.012756611502826556	-0.0060685098091842835	0.00038048177693476387	1.2402519	39.7334938	0.94994107	0.047113568165555585	0.0552441	0.00023
-0.1091	-0.3681	-1.9549	0.013391911350552491	-0.006019640590128442	0.0004677482395344803	1.03069508	33.02000046	0.9461111	0.13567177646907477	0.058984	0.00036
-0.1095	-0.3303	-1.9283	0.013316862192716735	-0.006028367236388414	0.00042760566673861073	0.99839938	31.98535347	0.91275844	0.07099591884458001	0.0562167	0.00035
-0.119	-0.3053	-1.8802	0.012685053003494786	-0.0060685098091842835	0.0003612831551628262	1.08689749	34.82053375	0.94531167	0.11951371367967996	0.0510013	0.00024
-0.1149	-0.358	-1.9495	0.013446016557364314	-0.006192428186075881	0.00037524578917878077	1.15226388	36.91465378	0.98056729	0.17104222823885387	0.0581889	0.00043
-0.1128	-0.3502	-1.9461	0.013685126664887538	-0.006197664173831864	0.0004380776422505767	1.16551137	37.33905792	0.92797917	0.02865889741755018	0.0574704	0.00036
-0.1172	-0.3046	-1.9179	0.013297663570944798	-0.0062482787221397	0.0003961897402027128	1.03505659	33.159729	0.93832483	0.102198277214922	0.0538279	0.00029
-0.1144	-0.3039	-1.8969	0.01314581992602129	-0.006147049625524028	0.0005393067388662478	1.00734341	32.27189255	0.93594147	0.044309487010135595	0.0513293	0.00025
-0.1189	-0.3309	-1.9101	0.014299482561589543	-0.006321582550723462	0.0007208209810736582	1.12798119	36.13671875	1.06909527	0.1201854901487547	0.0545984	0.00042
-0.1373	-0.3002	-1.7347	0.015320500174006225	-0.0059306287982767315	0.0006230825429619757	1.39484239	44.68605423	1.3153316	0.29998549014875475	0.036807	0.00025
-0.1135	-0.4415	-1.9809	0.014796901398407924	-0.006178465552059926	0.0006161012259539982	1.49095595	47.7652092	1.36128214	0.45022084231947374	0.0609359	0.00069
-0.1127	-0.4191	-2.0169	0.015013322225655223	-0.006349507818755371	0.0006475171524898963	1.12297833	35.97644424	1.01816626	0.08014395102393214	0.0646784	0.00086
-0.1227	-0.3216	-1.9634	0.014430382255489116	-0.00616799357654796	0.0005550147021341969	1.18310416	37.90267181	1.02070535	0.20384783313646093	0.0589716	0.00062
-0.1221	-0.3762	-2.0307	0.014774212118132	-0.006258750697651665	0.0004921828490624009	1.19967771	38.43363571	0.99365851	0.1473709418409192	0.0662216	0.00088
-0.1118	-0.3682	-2.042	0.014927801092307498	-0.006152285613280011	0.0005375614096142535	1.12076366	35.90549469	0.94924716	0.04487163095494998	0.0671651	0.00085
-0.1242	-0.3133	-1.9805	0.014140657599658057	-0.006164502918043972	0.00040666171571467877	1.10617948	35.43826675	0.96084866	0.1753130245656487	0.0602495	0.0004
-0.1273	-0.3368	-1.9895	0.014294246573833557	-0.006237806746627734	0.00035604716740684323	1.23182988	39.46368027	0.95569211	0.04947536755335496	0.0619949	0.0006
-0.1289	-0.3459	-1.9822	0.01440769297521319	-0.0062482787221397	0.0003595378259108319	1.09213817	34.98843002	0.92923533	0.024370451769779426	0.061106	0.0005
-0.1243	-0.3321	-1.9925	0.014219197415997802	-0.006246533392887705	0.0005113814708343385	1.02368867	32.79553604	0.89021114	0.0458042266695444	0.0631232	0.00073
-0.1316	-0.3114	-1.8265	0.01512153263927887	-0.005979498017332573	0.00043458698374658803	1.23803425	39.66244888	1.15818961	0.2563082542961974	0.0460671	0.00031
-0.1224	-0.3877	-1.912	0.015250687003926452	-0.005888740896228867	0.00045553093477052	1.34871006	43.20812988	1.13960257	0.18304277183876083	0.0548857	0.00052
-0.1144	-0.4487	-1.9018	0.01621759940953131	-0.005989969992844539	0.0006440264939859076	1.20919001	38.73837662	1.017798	0.1420318530717959	0.0529601	0.00046
-0.1211	-0.3512	-1.845	0.015707963267948967	-0.0059079395180008055	0.0005148721293383271	1.17597687	37.67433929	1.03411079	0.1970410490536828	0.0463724	0.00029
-0.1192	-0.4131	-1.8913	0.01563291411011321	-0.0059358647860327145	0.0004310963252425994	1.14044929	36.5361557	0.98228053	0.11943751149816964	0.0495	0.00037
-0.1112	-0.406	-1.9091	0.015824900327832583	-0.005871287603708924	0.0004974188368183839	1.08769035	34.84593582	0.93155411	0.049044295580947375	0.051567	0.00036
-0.1209	-0.3556	-1.8545	0.01565385806113714	-0.005888740896228867	0.0003961897402027128	1.15919733	37.13677979	0.97039225	0.12918623279155284	0.0468702	0.00022
-0.1298	-0.3838	-1.8851	0.015769049791768765	-0.006122615015996109	0.00033335788713091696	1.20249188	38.52379227	0.96429108	0.08829488517353302	0.0499108	0.0003
-0.1282	-0.4051	-1.9215	0.01600815989929199	-0.0060964350772161925	0.0003438298626428829	0.99865878	31.99366379	0.91379839	0.0730881010907553	0.0543902	0.00045
-0.1333	-0.3806	-1.8861	0.01577777643802874	-0.006106907052728159	0.000317649923862968	0.91692114	29.37506485	0.87554462	0.07835176877775646	0.0514579	0.00043
-0.1334	-0.3703	-1.8657	0.015489797111449674	-0.006122615015996109	0.0003054326190990077	1.07426596	34.41586304	0.93147373	0.0465952297305489	0.0504249	0.00032
-0.1238	-0.4092	-1.8868	0.015723671231216915	-0.005918411493512772	0.0003612831551628262	1.02665675	32.890625	0.94310082	0.09429640891571994	0.0548555	0.0005
-0.1233	-0.3839	-1.8842	0.015802211047556657	-0.005949827420048669	0.0004258603374866164	1.11985147	35.87627029	0.94464617	0.03712664625997136	0.0531402	0.00043
-0.1359	-0.3485	-1.8436	0.015203563114122604	-0.006201154832335853	0.00032812189937493397	1.10632038	35.44277954	0.96788165	0.1359856891916462	0.0479525	0.00019
-0.1384	-0.3795	-1.882	0.015392058673337991	-0.00636521578202332	0.00034906585039886593	1.09249258	34.99978256	0.95005985	0.09057502299633932	0.0503767	0.0003
-0.1427	-0.3755	-1.8734	0.015618951476097254	-0.006490879488166912	0.0003647738136668148	1.11203754	35.62593842	1.01509794	0.03531322360854013	0.0500691	0.00033
-0.1384	-0.3484	-1.8373	0.016245524677563218	-0.00597426202957659	0.0003089232776029963	1.41577363	45.35662079	1.30369399	0.12745205980600527	0.0481172	0.0005
-0.0991	-0.4899	-2.0952	0.01643052957827462	-0.005777039824101231	0.0004136430327226561	1.57731473	50.53185272	1.45046957	0.4630473430653212	0.0743865	0.00158
-0.1046	-0.4004	-2.0526	0.016212363421775327	-0.005784021141109208	0.0004206243497306334	1.16235971	37.23809052	1.0305173	0.1492064395257625	0.0695685	0.00132
-0.1182	-0.3652	-2.0086	0.01599245193602404	-0.005883504908472884	0.00035081117965086024	1.13333869	36.30835342	0.9976946	0.11226042115973676	0.0622816	0.00081
-0.1236	-0.4054	-2.0431	0.016201891446263363	-0.005864306286700947	0.00028099800957108706	1.08937299	34.89984131	0.9479401	0.09502256510455152	0.0664896	0.00091
-0.1197	-0.3945	-2.0388	0.016324064493902963	-0.005866051615952942	0.000312413936106985	1.16284788	37.25373077	0.94659653	0.02686671517137436	0.0670931	0.00105
-0.1273	-0.3599	-1.9892	0.015772540450272755	-0.005916666164260778	0.0002443460952792061	1.17559338	37.66205215	0.97066578	0.12531032163829123	0.0605921	0.0007
-0.1185	-0.4099	-2.0388	0.016505578736110374	-0.005862560957448953	0.0002443460952792061	1.18029451	37.81266022	0.97804204	0.14775717463247232	0.0671645	0.00108
-0.1159	-0.3995	-2.0166	0.016463690834062513	-0.005873032932960919	0.00033684854563490564	1.09081936	34.94617844	0.93905906	0.0424431163957765	0.0654102	0.00107
-0.1277	-0.3458	-1.9591	0.01591565744893629	-0.005937610115284709	0.00023212879051524583	1.16788745	37.41518021	0.97926159	0.15886651612848354	0.0579769	0.00064
-0.1207	-0.397	-2.0148	0.016306611201383023	-0.005873032932960919	0.0002600540585471551	1.16650522	37.3708992	0.97663382	0.1380728101401217	0.0648522	0.00094
-0.1127	-0.4385	-2.0501	0.016606807832726046	-0.005845107664929009	0.0003769911184307752	1.10017073	35.24576569	0.95803082	0.10705294796292746	0.0703479	0.00138
-0.1184	-0.389	-2.0312	0.016198400787759373	-0.005937610115284709	0.00037350045992678646	1.12631524	36.08334732	0.97259185	0.09932000769131795	0.0666375	0.00111
-0.1277	-0.3569	-2.0058	0.01587900553464441	-0.006126105674500097	0.0002652900463031381	1.11378646	35.68196869	0.95840186	0.09760506129770029	0.0634954	0.00084
-0.1288	-0.4074	-2.0403	0.01647241748032248	-0.006169738905799955	0.0003473205211468716	1.15043354	36.85601807	0.94829647	0.12205378259108297	0.0676563	0.00108
-0.1222	-0.3578	-2.0331	0.015924384095196264	-0.006082472443200237	0.0003630284844148205	1.16160774	37.2140007	1.02636002	0.09595039054969373	0.0676213	0.00119
-0.1283	-0.3882	-2.0001	0.015947073375472187	-0.00596204472481263	0.00034557519189487725	1.215976	38.95577621	1.04714406	0.0775285145591736	0.0629926	0.00078
-0.1136	-0.4886	-2.0748	0.016435765566030602	-0.006150540284028017	0.0004677482395344803	1.35465896	43.39871216	1.25680091	0.22976803987067024	0.0754395	0.00245
-0.1231	-0.3762	-1.9063	0.017037904157968645	-0.0062168627956038025	0.0005009094953223725	1.40978372	45.16472244	1.30668324	0.32548111796508605	0.0534484	0.0006
-0.1106	-0.3912	-1.9185	0.017175785168876197	-0.005754350543825304	0.0005235987755982988	1.13998914	36.5214119	0.9938159	0.07085412714809883	0.0546757	0.00077
-0.0971	-0.519	-1.9654	0.01661553447898602	-0.005157447939643243	0.0007330382858376184	1.38868737	44.48886871	1.17002223	0.25652964021557795	0.0622174	0.00142
-0.0889	-0.3951	-2.0761	0.017563248262818937	-0.005237733085234983	0.0005672320068981572	1.39401352	44.65950012	1.17048231	0.3024902604182057	0.0715922	0.00154
-0.0982	-0.434	-2.0578	0.018163641525504984	-0.005689773361501514	0.0005427973973702365	1.12100554	35.91324234	0.97362899	0.12034340742402495	0.0702443	0.00171
-0.1081	-0.4035	-2.0247	0.017863444894161966	-0.005829399701661061	0.0005096361415823442	1.15050232	36.85821915	0.98204807	0.09714921136452252	0.065919	0.00122
-0.0967	-0.5069	-2.1154	0.01903456082225016	-0.005777039824101231	0.0005619960191421741	1.41565776	45.35290909	1.0600272	0.2692917841603927	0.0786708	0.00264
-0.0746	-0.4986	-2.0209	0.02294584367596945	-0.005265658353266893	0.0009075712110370514	1.50412929	48.18723679	1.39123869	0.3633119758224254	0.0770479	0.00831
-0.0501	-0.5409	-1.9892	0.023205897734516607	-0.004256858045614169	0.0009180431865490173	1.30792069	41.90137482	1.13010176	0.16246631708559237	0.0755736	0.00877
-0.0574	-0.593	-2.0294	0.022357667718047362	-0.004579743957233121	0.0008569566627292158	1.21032059	38.77459717	1.04039432	0.1612101225953996	0.0770839	0.00678
-0.0583	-0.5709	-2.0415	0.02196147797784465	-0.0047856928089684515	0.0007958701389094143	1.25157285	40.09617996	0.95684685	0.0682612557878925	0.0767729	0.00598
-0.0631	-0.5543	-2.0587	0.02165255470024165	-0.004747295565424576	0.0006789330790257941	1.04328179	33.42323685	0.93479643	0.061812879051524536	0.0781233	0.00539
-0.0821	-0.4848	-2.0151	0.02062804642932098	-0.004956735075663896	0.0005672320068981572	1.1126442	35.6453743	0.91776469	0.1993824426643815	0.0730752	0.00332
-0.0939	-0.4932	-2.013	0.020868901866096197	-0.005407030022678433	0.0005689773361501514	1.09457231	35.06641006	0.97202912	0.05694478565208749	0.0739183	0.00364
-0.0907	-0.4841	-2.0797	0.020830504622552322	-0.005424483315198376	0.0005637413483941684	1.21961021	39.07220459	1.01139571	0.08205432619099008	0.0807885	0.00416
-0.1087	-0.4444	-2.0107	0.020226620701362285	-0.005743878568313338	0.00034208453339088857	1.23427582	39.54204178	0.99217681	0.18394679946541387	0.0718713	0.00304
-0.1079	-0.4627	-2.0631	0.020629791758572973	-0.005951572749300664	0.00040840704496667313	1.0947684	35.07269287	0.97385367	0.1053593874886899	0.0768163	0.00359
-0.0994	-0.5138	-2.1233	0.020971876291963863	-0.005799729104377157	0.0005654866776461627	1.13839579	36.47036743	1.01897472	0.15235039054969435	0.0822883	0.00435
-0.0924	-0.4872	-2.1608	0.021039944132791644	-0.005626941508429718	0.0005724679946541401	1.13479447	36.35499191	1.00552691	0.08349183768915994	0.0857409	0.00495
-0.0939	-0.466	-2.1289	0.020444786857861576	-0.005564109655357922	0.0004991641660703782	1.17621922	37.6821022	1.00366114	0.09116464782928153	0.0806384	0.00375
-0.0893	-0.536	-2.2226	0.021666517334257607	-0.005501277802286126	0.0006038839211900379	1.18988121	38.11978531	1.04396652	0.23776410422937447	0.0927017	0.00682
-0.0835	-0.5247	-2.2484	0.02201732851390847	-0.0053058009260627615	0.000614355896702004	1.14080548	36.54756546	0.97816174	0.07073800156930994	0.0960471	0.00757
-0.0866	-0.4784	-2.1888	0.020818287317788363	-0.005335471523346666	0.00048345620280242926	1.14094114	36.5519104	0.99505921	0.17698057436517947	0.0895218	0.00525
-0.0789	-0.4931	-2.224	0.02157052422539792	-0.005391322059410484	0.0005916666164260777	1.35339117	43.35809708	1.0153301	0.10341489286485124	0.0958465	0.00684
-0.0806	-0.5157	-2.2314	0.021799162357409176	-0.00540179403492245	0.0005794493116621174	1.2537291	40.16526031	0.98124426	0.044266370614358806	0.0959958	0.00732
-0.0792	-0.4429	-2.1913	0.02112371993688737	-0.005279620987282846	0.000486946861306418	1.05858898	33.91362762	0.94378163	0.1588058959258553	0.0920124	0.0062
-0.0841	-0.422	-2.1077	0.02042558823608964	-0.005398303376418462	0.0004188790204786391	1.20048237	38.45941162	0.98984171	0.15364409653805636	0.0832136	0.00418
-0.0802	-0.507	-2.1866	0.021032962815783665	-0.005412266010434416	0.0004258603374866164	1.19966555	38.4332428	1.04933285	0.19921592653589787	0.0929357	0.00625
-0.0615	-0.5269	-2.2517	0.02092475240216002	-0.005373868766890541	0.0006230825429619757	1.15328586	36.94739532	0.99010865	0.12089149313214421	0.0999852	0.00802
-0.0604	-0.4893	-2.2156	0.020847957915072265	-0.005351179486614613	0.0006003932626860494	1.09138656	34.96435165	0.97903934	0.08090865238198063	0.0961013	0.00682
-0.0664	-0.4372	-2.1563	0.020326104468725962	-0.005342452840354642	0.0005811946409141118	1.13029587	36.21087265	1.02319623	0.14488893571891057	0.0874987	0.00471
-0.059	-0.5187	-2.2423	0.020821777976292352	-0.0052499503899989435	0.0006649704450098395	1.16084814	37.18966675	1.04747109	0.2084975881008912	0.0979714	0.0072
-0.0473	-0.5074	-2.2855	0.02113942790015532	-0.005206317158699085	0.0007801621756414653	1.12971699	36.19232941	0.97218352	0.09002374428972237	0.103097	0.0085
-0.0609	-0.4506	-2.1829	0.020662953014360868	-0.005194099853935124	0.0006667157742618339	1.09373212	35.03949356	1.01106439	0.20310692959690207	0.0903383	0.00541
-0.0637	-0.4708	-2.2132	0.020863665878340213	-0.0052447144022429604	0.0006213372137099814	1.12616622	36.07857513	0.95423343	0.06813529864195171	0.0942864	0.00596
-0.0469	-0.5448	-2.285	0.020558233259241207	-0.005188863866179142	0.0008866272600131194	1.29556394	41.50550461	1.09582096	0.1939286600732982	0.10489	0.01003
-0.0446	-0.5782	-2.2119	0.022350686401039384	-0.005330235535590682	0.0009704030641088471	1.56205869	50.04309845	1.38748739	0.20968003076527247	0.100838	0.01321
0.0283	-0.477	-1.6965	0.029759609075755315	-0.0031433379828417875	0.002509783464367846	2.81945705	90.32591248	2.83014822	1.2462600313861916	0.106318	0.06085
0.0367	-0.7589	-1.5537	0.03137927462160605	-0.0018360863730980347	0.0024033183799961914	1.8679024	59.84130096	1.89713659	0.5847691119983072	0.115644	0.07723
0.0038	-0.8301	-1.6333	0.030255282583321705	-0.002665117767795341	0.0022078415037728267	1.3278501	42.53984451	1.19069059	0.29112501546025066	0.108531	0.06776
-0.1095	-0.7871	-1.1057	0.029857347513867	-0.004340633849709897	0.0014416419621473165	2.419101	77.49984741	2.41780806	0.8258825346497386	0.132614	0.10537
